"","Fecha","1","3","6","12"
"V1",2003-01-02,,,,
"V2",2003-01-03,,,,
"V3",2003-01-06,,,,
"V4",2003-01-07,,,,
"V5",2003-01-08,,,,
"V6",2003-01-09,,,,
"V7",2003-01-10,,,,
"V8",2003-01-13,,,,
"V9",2003-01-14,,,,
"V10",2003-01-15,,,,
"V11",2003-01-16,,,,
"V12",2003-01-17,,,,
"V13",2003-01-20,,,,
"V14",2003-01-21,,,,
"V15",2003-01-22,,,,
"V16",2003-01-23,,,,
"V17",2003-01-24,,,,
"V18",2003-01-27,,,,
"V19",2003-01-28,,,,
"V20",2003-01-29,,,,
"V21",2003-01-30,,,,
"V22",2003-01-31,,,,
"V23",2003-02-03,,,,
"V24",2003-02-04,,,,
"V25",2003-02-05,,,,
"V26",2003-02-06,,,,
"V27",2003-02-07,,,,
"V28",2003-02-10,,,,
"V29",2003-02-11,,,,
"V30",2003-02-12,,,,
"V31",2003-02-13,,,,
"V32",2003-02-14,,,,
"V33",2003-02-17,,,,
"V34",2003-02-18,,,,
"V35",2003-02-19,,,,
"V36",2003-02-20,,,,
"V37",2003-02-21,,,,
"V38",2003-02-24,,,,
"V39",2003-02-25,,,,
"V40",2003-02-26,,,,
"V41",2003-02-27,,,,
"V42",2003-02-28,,,,
"V43",2003-03-03,,,,
"V44",2003-03-04,,,,
"V45",2003-03-05,,,,
"V46",2003-03-06,,,,
"V47",2003-03-07,,,,
"V48",2003-03-10,,,,
"V49",2003-03-11,,,,
"V50",2003-03-12,,,,
"V51",2003-03-13,,,,
"V52",2003-03-14,,,,
"V53",2003-03-17,,,,
"V54",2003-03-18,,,,
"V55",2003-03-19,,,,
"V56",2003-03-20,,,,
"V57",2003-03-21,,,,
"V58",2003-03-24,,,,
"V59",2003-03-25,,,,
"V60",2003-03-26,,,,
"V61",2003-03-27,,,,
"V62",2003-03-28,,,,
"V63",2003-04-01,,,,
"V64",2003-04-02,,,,
"V65",2003-04-03,,,,
"V66",2003-04-04,,,,
"V67",2003-04-07,,,,
"V68",2003-04-08,,,,
"V69",2003-04-09,,,,
"V70",2003-04-10,,,,
"V71",2003-04-11,,,,
"V72",2003-04-14,,,,
"V73",2003-04-15,,,,
"V74",2003-04-16,,,,
"V75",2003-04-21,,,,
"V76",2003-04-22,,,,
"V77",2003-04-23,,,,
"V78",2003-04-24,,,,
"V79",2003-04-25,,,,
"V80",2003-04-28,,,,
"V81",2003-04-29,,,,
"V82",2003-04-30,,,,
"V83",2003-05-02,,,,
"V84",2003-05-05,,,,
"V85",2003-05-06,,,,
"V86",2003-05-07,,,,
"V87",2003-05-08,,,,
"V88",2003-05-09,,,,
"V89",2003-05-12,,,,
"V90",2003-05-13,,,,
"V91",2003-05-14,,,,
"V92",2003-05-15,,,,
"V93",2003-05-16,,,,
"V94",2003-05-19,,,,
"V95",2003-05-20,,,,
"V96",2003-05-21,,,,
"V97",2003-05-22,,,,
"V98",2003-05-23,,,,
"V99",2003-05-26,,,,
"V100",2003-05-27,,,,
"V101",2003-05-28,,,,
"V102",2003-05-29,,,,
"V103",2003-05-30,,,,
"V104",2003-06-02,,,,
"V105",2003-06-03,,,,
"V106",2003-06-04,,,,
"V107",2003-06-05,,,,
"V108",2003-06-06,,,,
"V109",2003-06-09,,,,
"V110",2003-06-10,,,,
"V111",2003-06-11,,,,
"V112",2003-06-12,,,,
"V113",2003-06-13,,,,
"V114",2003-06-17,,,,
"V115",2003-06-18,,,,
"V116",2003-06-19,,,,
"V117",2003-06-20,,,,
"V118",2003-06-23,,,,
"V119",2003-06-24,,,,
"V120",2003-06-25,,,,
"V121",2003-06-26,,,,
"V122",2003-06-27,,,,
"V123",2003-06-30,,,,
"V124",2003-07-01,,,,
"V125",2003-07-02,,,,
"V126",2003-07-03,,,,
"V127",2003-07-04,,,,
"V128",2003-07-07,,,,
"V129",2003-07-08,,,,
"V130",2003-07-10,,,,
"V131",2003-07-11,,,,
"V132",2003-07-14,,,,
"V133",2003-07-15,,,,
"V134",2003-07-16,,,,
"V135",2003-07-17,,,,
"V136",2003-07-18,,,,
"V137",2003-07-21,,,,
"V138",2003-07-22,,,,
"V139",2003-07-23,,,,
"V140",2003-07-24,,,,
"V141",2003-07-25,,,,
"V142",2003-07-28,,,,
"V143",2003-07-29,,,,
"V144",2003-07-30,,,,
"V145",2003-07-31,,,,
"V146",2003-08-01,,,,
"V147",2003-08-04,,,,
"V148",2003-08-05,,,,
"V149",2003-08-06,,,,
"V150",2003-08-07,,,,
"V151",2003-08-08,,,,
"V152",2003-08-11,,,,
"V153",2003-08-12,,,,
"V154",2003-08-13,,,,
"V155",2003-08-14,,,,
"V156",2003-08-15,,,,
"V157",2003-08-19,,,,
"V158",2003-08-20,,,,
"V159",2003-08-21,,,,
"V160",2003-08-22,,,,
"V161",2003-08-25,,,,
"V162",2003-08-26,,,,
"V163",2003-08-27,,,,
"V164",2003-08-28,,,,
"V165",2003-08-29,,,,
"V166",2003-09-01,,,,
"V167",2003-09-02,,,,
"V168",2003-09-03,,,,
"V169",2003-09-04,,,,
"V170",2003-09-05,,,,
"V171",2003-09-08,,,,
"V172",2003-09-09,,,,
"V173",2003-09-10,,,,
"V174",2003-09-11,,,,
"V175",2003-09-12,,,,
"V176",2003-09-15,,,,
"V177",2003-09-16,,,,
"V178",2003-09-17,,,,
"V179",2003-09-18,,,,
"V180",2003-09-19,,,,
"V181",2003-09-22,,,,
"V182",2003-09-23,,,,
"V183",2003-09-24,,,,
"V184",2003-09-25,,,,
"V185",2003-09-26,,,,
"V186",2003-09-29,,,,
"V187",2003-09-30,,,,
"V188",2003-10-01,,,,
"V189",2003-10-02,,,,
"V190",2003-10-03,,,,
"V191",2003-10-06,,,,
"V192",2003-10-07,,,,
"V193",2003-10-08,,,,
"V194",2003-10-09,,,,
"V195",2003-10-10,,,,
"V196",2003-10-14,,,,
"V197",2003-10-15,,,,
"V198",2003-10-16,,,,
"V199",2003-10-17,,,,
"V200",2003-10-20,,,,
"V201",2003-10-21,,,,
"V202",2003-10-22,,,,
"V203",2003-10-23,,,,
"V204",2003-10-24,,,,
"V205",2003-10-27,,,,
"V206",2003-10-28,,,,
"V207",2003-10-29,,,,
"V208",2003-10-30,,,,
"V209",2003-10-31,,,,
"V210",2003-11-03,,,,
"V211",2003-11-04,,,,
"V212",2003-11-05,,,,
"V213",2003-11-07,,,,
"V214",2003-11-10,,,,
"V215",2003-11-11,,,,
"V216",2003-11-12,,,,
"V217",2003-11-13,,,,
"V218",2003-11-14,,,,
"V219",2003-11-17,,,,
"V220",2003-11-18,,,,
"V221",2003-11-19,,,,
"V222",2003-11-20,,,,
"V223",2003-11-21,,,,
"V224",2003-11-24,,,,
"V225",2003-11-25,,,,
"V226",2003-11-26,,,,
"V227",2003-11-27,,,,
"V228",2003-11-28,,,,
"V229",2003-12-01,,,,
"V230",2003-12-02,,,,
"V231",2003-12-03,,,,
"V232",2003-12-04,,,,
"V233",2003-12-05,,,,
"V234",2003-12-09,,,,
"V235",2003-12-10,,,,
"V236",2003-12-11,,,,
"V237",2003-12-12,,,,
"V238",2003-12-15,,,,
"V239",2003-12-16,,,,
"V240",2003-12-17,,,,
"V241",2003-12-18,,,,
"V242",2003-12-19,,,,
"V243",2003-12-22,,,,
"V244",2003-12-23,,,,
"V245",2003-12-24,,,,
"V246",2003-12-26,,,,
"V247",2003-12-29,,,,
"V248",2003-12-30,,,,
"V249",2003-12-31,,,,
"V250",2004-01-02,,,,
"V251",2004-01-05,,,,
"V252",2004-01-06,,,,
"V253",2004-01-07,,,,
"V254",2004-01-08,,,,
"V255",2004-01-09,,,,
"V256",2004-01-12,,,,
"V257",2004-01-13,,,,
"V258",2004-01-14,,,,
"V259",2004-01-15,,,,
"V260",2004-01-16,,,,
"V261",2004-01-19,,,,
"V262",2004-01-20,,,,
"V263",2004-01-21,,,,
"V264",2004-01-22,,,,
"V265",2004-01-23,,,,
"V266",2004-01-26,,,,
"V267",2004-01-27,,,,
"V268",2004-01-28,,,,
"V269",2004-01-29,,,,
"V270",2004-01-30,,,,
"V271",2004-02-02,,,,
"V272",2004-02-03,,,,
"V273",2004-02-04,,,,
"V274",2004-02-05,,,,
"V275",2004-02-06,,,,
"V276",2004-02-09,,,,
"V277",2004-02-10,,,,
"V278",2004-02-11,,,,
"V279",2004-02-12,,,,
"V280",2004-02-13,,,,
"V281",2004-02-16,,,,
"V282",2004-02-17,,,,
"V283",2004-02-18,,,,
"V284",2004-02-19,,,,
"V285",2004-02-20,,,,
"V286",2004-02-23,,,,
"V287",2004-02-24,,,,
"V288",2004-02-25,,,,
"V289",2004-02-26,,,,
"V290",2004-02-27,,,,
"V291",2004-03-01,,,,
"V292",2004-03-02,,,,
"V293",2004-03-03,,,,
"V294",2004-03-04,,,,
"V295",2004-03-05,,,,
"V296",2004-03-08,,,,
"V297",2004-03-09,,,,
"V298",2004-03-10,,,,
"V299",2004-03-11,,,,
"V300",2004-03-12,,,,
"V301",2004-03-15,,,,
"V302",2004-03-16,,,,
"V303",2004-03-17,,,,
"V304",2004-03-18,,,,
"V305",2004-03-19,,,,
"V306",2004-03-22,,,,
"V307",2004-03-23,,,,
"V308",2004-03-24,,,,
"V309",2004-03-25,,,,
"V310",2004-03-26,,,,
"V311",2004-03-29,,,,
"V312",2004-03-30,,,,
"V313",2004-03-31,,,,
"V314",2004-04-01,,,,
"V315",2004-04-02,,,,
"V316",2004-04-06,,,,
"V317",2004-04-07,,,,
"V318",2004-04-12,,,,
"V319",2004-04-13,,,,
"V320",2004-04-14,,,,
"V321",2004-04-15,,,,
"V322",2004-04-16,,,,
"V323",2004-04-19,,,,
"V324",2004-04-20,,,,
"V325",2004-04-21,,,,
"V326",2004-04-22,,,,
"V327",2004-04-23,,,,
"V328",2004-04-26,,,,
"V329",2004-04-27,,,,
"V330",2004-04-28,,,,
"V331",2004-04-29,,,,
"V332",2004-04-30,,,,
"V333",2004-05-03,,,,
"V334",2004-05-04,,,,
"V335",2004-05-05,,,,
"V336",2004-05-06,,,,
"V337",2004-05-07,,,,
"V338",2004-05-10,,,,
"V339",2004-05-11,,,,
"V340",2004-05-12,,,,
"V341",2004-05-13,,,,
"V342",2004-05-14,,,,
"V343",2004-05-17,,,,
"V344",2004-05-18,,,,
"V345",2004-05-19,,,,
"V346",2004-05-20,,,,
"V347",2004-05-21,,,,
"V348",2004-05-24,,,,
"V349",2004-05-26,,,,
"V350",2004-05-27,,,,
"V351",2004-05-28,,,,
"V352",2004-05-31,,,,
"V353",2004-06-01,,,,
"V354",2004-06-02,,,,
"V355",2004-06-03,,,,
"V356",2004-06-04,,,,
"V357",2004-06-07,,,,
"V358",2004-06-08,,,,
"V359",2004-06-09,,,,
"V360",2004-06-10,,,,
"V361",2004-06-11,,,,
"V362",2004-06-14,,,,
"V363",2004-06-15,,,,
"V364",2004-06-16,,,,
"V365",2004-06-17,,,,
"V366",2004-06-18,,,,
"V367",2004-06-22,,,,
"V368",2004-06-23,,,,
"V369",2004-06-24,,,,
"V370",2004-06-25,,,,
"V371",2004-06-28,,,,
"V372",2004-06-29,,,,
"V373",2004-06-30,,,,
"V374",2004-07-01,,,,
"V375",2004-07-02,,,,
"V376",2004-07-05,,,,
"V377",2004-07-06,,,,
"V378",2004-07-07,,,,
"V379",2004-07-08,,,,
"V380",2004-07-12,,,,
"V381",2004-07-13,,,,
"V382",2004-07-14,,,,
"V383",2004-07-15,,,,
"V384",2004-07-16,,,,
"V385",2004-07-19,,,,
"V386",2004-07-20,,,,
"V387",2004-07-21,,,,
"V388",2004-07-22,,,,
"V389",2004-07-23,,,,
"V390",2004-07-26,,,,
"V391",2004-07-27,,,,
"V392",2004-07-28,,,,
"V393",2004-07-29,,,,
"V394",2004-07-30,,,,
"V395",2004-08-02,,,,
"V396",2004-08-03,,,,
"V397",2004-08-04,,,,
"V398",2004-08-05,,,,
"V399",2004-08-06,,,,
"V400",2004-08-09,,,,
"V401",2004-08-10,,,,
"V402",2004-08-11,,,,
"V403",2004-08-12,,,,
"V404",2004-08-13,,,,
"V405",2004-08-17,,,,
"V406",2004-08-18,,,,
"V407",2004-08-19,,,,
"V408",2004-08-20,,,,
"V409",2004-08-23,,,,
"V410",2004-08-24,,,,
"V411",2004-08-25,,,,
"V412",2004-08-26,,,,
"V413",2004-08-27,,,,
"V414",2004-08-30,,,,
"V415",2004-08-31,,,,
"V416",2004-09-01,,,,
"V417",2004-09-02,,,,
"V418",2004-09-03,,,,
"V419",2004-09-06,,,,
"V420",2004-09-07,,,,
"V421",2004-09-08,,,,
"V422",2004-09-09,,,,
"V423",2004-09-10,,,,
"V424",2004-09-13,,,,
"V425",2004-09-14,,,,
"V426",2004-09-15,,,,
"V427",2004-09-16,,,,
"V428",2004-09-17,,,,
"V429",2004-09-20,,,,
"V430",2004-09-21,,,,
"V431",2004-09-22,,,,
"V432",2004-09-23,,,,
"V433",2004-09-24,,,,
"V434",2004-09-27,,,,
"V435",2004-09-28,,,,
"V436",2004-09-29,,,,
"V437",2004-09-30,,,,
"V438",2004-10-01,,,,
"V439",2004-10-04,,,,
"V440",2004-10-05,,,,
"V441",2004-10-06,,,,
"V442",2004-10-07,,,,
"V443",2004-10-08,,,,
"V444",2004-10-12,,,,
"V445",2004-10-13,,,,
"V446",2004-10-14,,,,
"V447",2004-10-15,,,,
"V448",2004-10-18,,,,
"V449",2004-10-19,,,,
"V450",2004-10-20,,,,
"V451",2004-10-21,,,,
"V452",2004-10-22,,,,
"V453",2004-10-25,,,,
"V454",2004-10-26,,,,
"V455",2004-10-27,,,,
"V456",2004-10-28,,,,
"V457",2004-10-29,,,,
"V458",2004-11-01,,,,
"V459",2004-11-02,,,,
"V460",2004-11-03,,,,
"V461",2004-11-04,,,,
"V462",2004-11-05,,,,
"V463",2004-11-08,,,,
"V464",2004-11-09,,,,
"V465",2004-11-10,,,,
"V466",2004-11-11,,,,
"V467",2004-11-12,,,,
"V468",2004-11-15,,,,
"V469",2004-11-16,,,,
"V470",2004-11-17,,,,
"V471",2004-11-18,,,,
"V472",2004-11-19,,,,
"V473",2004-11-22,,,,
"V474",2004-11-23,,,,
"V475",2004-11-24,,,,
"V476",2004-11-25,,,,
"V477",2004-11-26,,,,
"V478",2004-11-29,,,,
"V479",2004-11-30,,,,
"V480",2004-12-01,,,,
"V481",2004-12-02,,,,
"V482",2004-12-03,,,,
"V483",2004-12-06,,,,
"V484",2004-12-07,,,,
"V485",2004-12-09,,,,
"V486",2004-12-10,,,,
"V487",2004-12-13,,,,
"V488",2004-12-14,,,,
"V489",2004-12-15,,,,
"V490",2004-12-16,,,,
"V491",2004-12-17,,,,
"V492",2004-12-20,,,,
"V493",2004-12-21,,,,
"V494",2004-12-22,,,,
"V495",2004-12-23,,,,
"V496",2004-12-24,,,,
"V497",2004-12-27,,,,
"V498",2004-12-28,,,,
"V499",2004-12-29,,,,
"V500",2004-12-30,,,,
"V501",2004-12-31,,,,
"V502",2005-01-03,,,,
"V503",2005-01-04,,,,
"V504",2005-01-05,,,,
"V505",2005-01-06,,,,
"V506",2005-01-07,,,,
"V507",2005-01-10,,,,
"V508",2005-01-11,,,,
"V509",2005-01-12,,,,
"V510",2005-01-13,,,,
"V511",2005-01-14,,,,
"V512",2005-01-17,,,,
"V513",2005-01-18,,,,
"V514",2005-01-19,,,,
"V515",2005-01-20,,,,
"V516",2005-01-21,,,,
"V517",2005-01-24,,,,
"V518",2005-01-25,,,,
"V519",2005-01-26,,,,
"V520",2005-01-27,,,,
"V521",2005-01-28,,,,
"V522",2005-01-31,,,,
"V523",2005-02-01,,,,
"V524",2005-02-02,,,,
"V525",2005-02-03,,,,
"V526",2005-02-04,,,,
"V527",2005-02-07,,,,
"V528",2005-02-08,,,,
"V529",2005-02-09,,,,
"V530",2005-02-10,,,,
"V531",2005-02-11,,,,
"V532",2005-02-14,,,,
"V533",2005-02-15,,,,
"V534",2005-02-16,,,,
"V535",2005-02-17,,,,
"V536",2005-02-18,,,,
"V537",2005-02-21,,,,
"V538",2005-02-22,,,,
"V539",2005-02-23,,,,
"V540",2005-02-24,,,,
"V541",2005-02-25,,,,
"V542",2005-02-28,,,,
"V543",2005-03-01,,,,
"V544",2005-03-02,,,,
"V545",2005-03-03,,,,
"V546",2005-03-04,,,,
"V547",2005-03-07,,,,
"V548",2005-03-08,,,,
"V549",2005-03-09,,,,
"V550",2005-03-10,,,,
"V551",2005-03-11,,,,
"V552",2005-03-14,,,,
"V553",2005-03-15,,,,
"V554",2005-03-16,,,,
"V555",2005-03-17,,,,
"V556",2005-03-18,,,,
"V557",2005-03-21,,,,
"V558",2005-03-22,,,,
"V559",2005-03-23,,,,
"V560",2005-03-28,,,,
"V561",2005-03-29,,,,
"V562",2005-03-30,,,,
"V563",2005-03-31,,,,
"V564",2005-04-01,,,,
"V565",2005-04-04,,,,
"V566",2005-04-05,,,,
"V567",2005-04-06,,,,
"V568",2005-04-07,,,,
"V569",2005-04-08,,,,
"V570",2005-04-11,,,,
"V571",2005-04-12,,,,
"V572",2005-04-13,,,,
"V573",2005-04-14,,,,
"V574",2005-04-15,,,,
"V575",2005-04-18,,,,
"V576",2005-04-19,,,,
"V577",2005-04-20,,,,
"V578",2005-04-21,,,,
"V579",2005-04-22,,,,
"V580",2005-04-25,,,,
"V581",2005-04-26,,,,
"V582",2005-04-27,,,,
"V583",2005-04-28,,,,
"V584",2005-04-29,,,,
"V585",2005-05-02,,,,
"V586",2005-05-03,,,,
"V587",2005-05-04,,,,
"V588",2005-05-05,,,,
"V589",2005-05-06,,,,
"V590",2005-05-09,,,,
"V591",2005-05-10,,,,
"V592",2005-05-11,,,,
"V593",2005-05-12,,,,
"V594",2005-05-13,,,,
"V595",2005-05-16,,,,
"V596",2005-05-17,,,,
"V597",2005-05-18,,,,
"V598",2005-05-19,,,,
"V599",2005-05-20,,,,
"V600",2005-05-23,,,,
"V601",2005-05-24,,,,
"V602",2005-05-26,,,,
"V603",2005-05-27,,,,
"V604",2005-05-30,,,,
"V605",2005-05-31,,,,
"V606",2005-06-01,,,,
"V607",2005-06-02,,,,
"V608",2005-06-03,,,,
"V609",2005-06-06,,,,
"V610",2005-06-07,,,,
"V611",2005-06-08,,,,
"V612",2005-06-09,,,,
"V613",2005-06-10,,,,
"V614",2005-06-13,,,,
"V615",2005-06-14,,,,
"V616",2005-06-15,,,,
"V617",2005-06-16,,,,
"V618",2005-06-17,,,,
"V619",2005-06-21,,,,
"V620",2005-06-22,,,,
"V621",2005-06-23,,,,
"V622",2005-06-24,,,,
"V623",2005-06-27,,,,
"V624",2005-06-28,,,,
"V625",2005-06-29,,,,
"V626",2005-06-30,,,,
"V627",2005-07-01,,,,
"V628",2005-07-04,,,,
"V629",2005-07-05,,,,
"V630",2005-07-06,,,,
"V631",2005-07-07,,,,
"V632",2005-07-08,,,,
"V633",2005-07-11,,,,
"V634",2005-07-12,,,,
"V635",2005-07-13,,,,
"V636",2005-07-14,,,,
"V637",2005-07-15,,,,
"V638",2005-07-18,,,,
"V639",2005-07-19,,,,
"V640",2005-07-20,,,,
"V641",2005-07-21,,,,
"V642",2005-07-22,,,,
"V643",2005-07-25,,,,
"V644",2005-07-26,,,,
"V645",2005-07-27,,,,
"V646",2005-07-28,,,,
"V647",2005-07-29,,,,
"V648",2005-08-01,,,,
"V649",2005-08-02,,,,3.7
"V650",2005-08-03,,,,
"V651",2005-08-04,,,,
"V652",2005-08-05,,,,
"V653",2005-08-08,,,,
"V654",2005-08-09,,,,
"V655",2005-08-10,,,,
"V656",2005-08-11,,,,
"V657",2005-08-12,,,,
"V658",2005-08-16,,,,
"V659",2005-08-17,,,,
"V660",2005-08-18,,,,
"V661",2005-08-19,,,,
"V662",2005-08-22,,,,
"V663",2005-08-23,,,,
"V664",2005-08-24,,,,
"V665",2005-08-25,,,,
"V666",2005-08-26,,,,
"V667",2005-08-29,,,,
"V668",2005-08-30,,,,
"V669",2005-08-31,,,,
"V670",2005-09-01,,,,
"V671",2005-09-02,,,,
"V672",2005-09-05,,,,
"V673",2005-09-06,,,,
"V674",2005-09-07,,,,
"V675",2005-09-08,,,,
"V676",2005-09-09,,,,
"V677",2005-09-12,,,,
"V678",2005-09-13,,,,
"V679",2005-09-14,,,,
"V680",2005-09-15,,,,
"V681",2005-09-16,,,,
"V682",2005-09-19,,,,
"V683",2005-09-20,,,,
"V684",2005-09-21,,,,
"V685",2005-09-22,,,,
"V686",2005-09-23,,,,
"V687",2005-09-26,,,,
"V688",2005-09-27,,,,
"V689",2005-09-28,,,,
"V690",2005-09-29,,,,
"V691",2005-09-30,,,,
"V692",2005-10-03,,,,
"V693",2005-10-04,,,,
"V694",2005-10-05,,,,
"V695",2005-10-06,,,,
"V696",2005-10-07,,,,
"V697",2005-10-11,,,4.1266,
"V698",2005-10-12,,,,
"V699",2005-10-13,,,,
"V700",2005-10-14,,,,
"V701",2005-10-17,,,,
"V702",2005-10-18,,,,
"V703",2005-10-19,,,,
"V704",2005-10-20,,,,
"V705",2005-10-21,,,,
"V706",2005-10-24,,,,
"V707",2005-10-25,,,,
"V708",2005-10-26,,,,
"V709",2005-10-27,,,,
"V710",2005-10-28,,,,
"V711",2005-10-31,,,,
"V712",2005-11-01,,,,
"V713",2005-11-02,,,,
"V714",2005-11-03,,,,
"V715",2005-11-04,,,,
"V716",2005-11-07,,,,
"V717",2005-11-08,,,,
"V718",2005-11-09,,,,
"V719",2005-11-10,,,,
"V720",2005-11-11,,,,
"V721",2005-11-14,,,,
"V722",2005-11-15,,,,
"V723",2005-11-16,,,,
"V724",2005-11-17,,,,
"V725",2005-11-18,,,,
"V726",2005-11-21,,,,
"V727",2005-11-22,,,,
"V728",2005-11-23,,,,
"V729",2005-11-24,,,,
"V730",2005-11-25,,,,
"V731",2005-11-28,,,,
"V732",2005-11-29,,,,
"V733",2005-11-30,,,,
"V734",2005-12-01,,,,
"V735",2005-12-02,,,,
"V736",2005-12-05,,,,
"V737",2005-12-06,,,,
"V738",2005-12-07,,,,
"V739",2005-12-09,,,,
"V740",2005-12-12,,,,
"V741",2005-12-13,,,,
"V742",2005-12-14,,,,
"V743",2005-12-15,,,,
"V744",2005-12-16,,,,
"V745",2005-12-19,,,,
"V746",2005-12-20,,,,
"V747",2005-12-21,,,,
"V748",2005-12-22,,,,
"V749",2005-12-23,,,,
"V750",2005-12-26,,,,
"V751",2005-12-27,,,,
"V752",2005-12-28,,,,
"V753",2005-12-29,,,,
"V754",2005-12-30,,,,
"V755",2006-01-02,,,,
"V756",2006-01-03,,,,
"V757",2006-01-04,,,,
"V758",2006-01-05,,,,
"V759",2006-01-06,,,,
"V760",2006-01-09,,,,
"V761",2006-01-10,,,,
"V762",2006-01-11,,,,
"V763",2006-01-12,,,,
"V764",2006-01-13,,,,
"V765",2006-01-16,,,,
"V766",2006-01-17,,,,
"V767",2006-01-18,,,,
"V768",2006-01-19,,,,
"V769",2006-01-20,,,,
"V770",2006-01-23,,,,
"V771",2006-01-24,,,,
"V772",2006-01-25,,,,
"V773",2006-01-26,,,,
"V774",2006-01-27,,,,
"V775",2006-01-30,,,,
"V776",2006-01-31,,,,
"V777",2006-02-01,,,,
"V778",2006-02-02,,,,
"V779",2006-02-03,,,,
"V780",2006-02-06,,,,
"V781",2006-02-07,,,,
"V782",2006-02-08,,,,
"V783",2006-02-09,,,,
"V784",2006-02-10,,,,
"V785",2006-02-13,,,,
"V786",2006-02-14,,,,
"V787",2006-02-15,,,,
"V788",2006-02-16,,,,
"V789",2006-02-17,,,,
"V790",2006-02-20,,,,
"V791",2006-02-21,,,,
"V792",2006-02-22,,,,
"V793",2006-02-23,,,,
"V794",2006-02-24,,,,
"V795",2006-02-27,,,,
"V796",2006-02-28,,,,
"V797",2006-03-01,,,,
"V798",2006-03-02,,,,
"V799",2006-03-03,,,,
"V800",2006-03-06,,,,
"V801",2006-03-07,,,,
"V802",2006-03-08,,,,
"V803",2006-03-09,,,,
"V804",2006-03-10,,,,
"V805",2006-03-13,,,,
"V806",2006-03-14,,,,
"V807",2006-03-15,,,,
"V808",2006-03-16,,,,
"V809",2006-03-17,,,,
"V810",2006-03-20,,,,
"V811",2006-03-21,,,,
"V812",2006-03-22,,,,
"V813",2006-03-23,,,,
"V814",2006-03-27,,,,
"V815",2006-03-28,,,,
"V816",2006-03-29,,,,
"V817",2006-03-30,,,,
"V818",2006-03-31,,,,
"V819",2006-04-03,,,,
"V820",2006-04-04,,,4.9479,
"V821",2006-04-05,,,,
"V822",2006-04-06,,,,
"V823",2006-04-07,,,,
"V824",2006-04-10,,,,
"V825",2006-04-11,,,,
"V826",2006-04-12,,,,
"V827",2006-04-17,,,,
"V828",2006-04-18,,,,
"V829",2006-04-19,,,,
"V830",2006-04-20,,,,
"V831",2006-04-21,,,,
"V832",2006-04-24,,,,
"V833",2006-04-25,,,,
"V834",2006-04-26,,,,
"V835",2006-04-27,,,,
"V836",2006-04-28,,,,
"V837",2006-05-02,,,,
"V838",2006-05-03,,,,
"V839",2006-05-04,,,,
"V840",2006-05-05,,,,
"V841",2006-05-08,,,,
"V842",2006-05-09,,,,
"V843",2006-05-10,,,,
"V844",2006-05-11,,,,
"V845",2006-05-12,,,,
"V846",2006-05-15,,,,
"V847",2006-05-16,,,,
"V848",2006-05-17,,,,
"V849",2006-05-18,,,,
"V850",2006-05-19,,,,
"V851",2006-05-22,,,,
"V852",2006-05-23,,,,
"V853",2006-05-24,,,,
"V854",2006-05-26,,,,
"V855",2006-05-29,,,,
"V856",2006-05-30,,,,
"V857",2006-05-31,,,,
"V858",2006-06-01,,,,
"V859",2006-06-02,,,,
"V860",2006-06-05,,,,
"V861",2006-06-06,,,,
"V862",2006-06-07,,,,
"V863",2006-06-08,,,,
"V864",2006-06-09,,,,
"V865",2006-06-12,,,,
"V866",2006-06-13,,,,
"V867",2006-06-14,,,,
"V868",2006-06-15,,,,
"V869",2006-06-16,,,,
"V870",2006-06-20,,,,
"V871",2006-06-21,,,,
"V872",2006-06-22,,,,
"V873",2006-06-23,,,,
"V874",2006-06-26,,,,
"V875",2006-06-27,,,,
"V876",2006-06-28,,,,
"V877",2006-06-29,,,,
"V878",2006-06-30,,,,
"V879",2006-07-03,,,,
"V880",2006-07-04,,,,
"V881",2006-07-05,,,,
"V882",2006-07-06,,,,
"V883",2006-07-07,,,,
"V884",2006-07-10,,,,
"V885",2006-07-11,,,,
"V886",2006-07-12,,,,
"V887",2006-07-13,,,,
"V888",2006-07-14,,,,
"V889",2006-07-17,,,,
"V890",2006-07-18,,,,
"V891",2006-07-19,,,,
"V892",2006-07-20,,,,
"V893",2006-07-21,,,,
"V894",2006-07-24,,,,
"V895",2006-07-25,,,,
"V896",2006-07-26,,,,
"V897",2006-07-27,,,,
"V898",2006-07-28,,,,
"V899",2006-07-31,,,,
"V900",2006-08-01,,,,
"V901",2006-08-02,,,,
"V902",2006-08-03,,,,
"V903",2006-08-04,,,,
"V904",2006-08-07,,,,
"V905",2006-08-08,,,,
"V906",2006-08-09,,,,
"V907",2006-08-10,,,,
"V908",2006-08-11,,,,
"V909",2006-08-14,,,,
"V910",2006-08-15,,,,
"V911",2006-08-16,,,,
"V912",2006-08-17,,,,
"V913",2006-08-18,,,,
"V914",2006-08-22,,,,
"V915",2006-08-23,,,,
"V916",2006-08-24,,,,
"V917",2006-08-25,,,,
"V918",2006-08-28,,,,
"V919",2006-08-29,,,,
"V920",2006-08-30,,,,
"V921",2006-08-31,,,,
"V922",2006-09-01,,,,
"V923",2006-09-04,,,,
"V924",2006-09-05,,,,
"V925",2006-09-06,,,,
"V926",2006-09-07,,,,
"V927",2006-09-08,,,,
"V928",2006-09-11,,,,
"V929",2006-09-12,,,,
"V930",2006-09-13,,,,
"V931",2006-09-14,,,,
"V932",2006-09-15,,,,
"V933",2006-09-18,,,,
"V934",2006-09-19,,,,
"V935",2006-09-20,,,,
"V936",2006-09-21,,,,
"V937",2006-09-22,,,,
"V938",2006-09-25,,,,
"V939",2006-09-26,,,5.1809,
"V940",2006-09-27,,,,
"V941",2006-09-28,,,,
"V942",2006-09-29,,,,
"V943",2006-10-02,,,,
"V944",2006-10-03,,,,
"V945",2006-10-04,,,,
"V946",2006-10-05,,,,
"V947",2006-10-06,,,,
"V948",2006-10-09,,,,
"V949",2006-10-10,,,,
"V950",2006-10-11,,,,
"V951",2006-10-12,,,,
"V952",2006-10-13,,,,
"V953",2006-10-17,,,,
"V954",2006-10-18,,,,
"V955",2006-10-19,,,,
"V956",2006-10-20,,,,
"V957",2006-10-23,,,,
"V958",2006-10-24,,,,
"V959",2006-10-25,,,,
"V960",2006-10-26,,,,
"V961",2006-10-27,,,,
"V962",2006-10-30,,,,
"V963",2006-10-31,,,,
"V964",2006-11-01,,,,
"V965",2006-11-02,,,,
"V966",2006-11-03,,,,
"V967",2006-11-07,,,,
"V968",2006-11-08,,,,
"V969",2006-11-09,,,,
"V970",2006-11-10,,,,
"V971",2006-11-13,,,,
"V972",2006-11-14,,,,
"V973",2006-11-15,,,,
"V974",2006-11-16,,,,
"V975",2006-11-17,,,,
"V976",2006-11-20,,,,
"V977",2006-11-21,,,,
"V978",2006-11-22,,,,
"V979",2006-11-23,,,,
"V980",2006-11-24,,,,
"V981",2006-11-27,,,,
"V982",2006-11-28,,,,
"V983",2006-11-29,,,,
"V984",2006-11-30,,,,
"V985",2006-12-01,,,,
"V986",2006-12-04,,,,
"V987",2006-12-05,,,,
"V988",2006-12-06,,,,
"V989",2006-12-07,,,,
"V990",2006-12-11,,,,
"V991",2006-12-12,,,,
"V992",2006-12-13,,,,
"V993",2006-12-14,,,,
"V994",2006-12-15,,,,
"V995",2006-12-18,,,,
"V996",2006-12-19,,,,
"V997",2006-12-20,,,,
"V998",2006-12-21,,,,
"V999",2006-12-22,,,,
"V1000",2006-12-26,,,,
"V1001",2006-12-27,,,,
"V1002",2006-12-28,,,,
"V1003",2006-12-29,,,,
"V1004",2007-01-02,,,,
"V1005",2007-01-03,,,,
"V1006",2007-01-04,,,,
"V1007",2007-01-05,,,,
"V1008",2007-01-08,,,,
"V1009",2007-01-09,,,,
"V1010",2007-01-10,,,,
"V1011",2007-01-11,,,,
"V1012",2007-01-12,,,,
"V1013",2007-01-15,,,,
"V1014",2007-01-16,,,,
"V1015",2007-01-17,,,,
"V1016",2007-01-18,,,,
"V1017",2007-01-19,,,,
"V1018",2007-01-22,,,,
"V1019",2007-01-23,,,,
"V1020",2007-01-24,,,,
"V1021",2007-01-25,,,,
"V1022",2007-01-26,,,,
"V1023",2007-01-29,,,,
"V1024",2007-01-30,,,,
"V1025",2007-01-31,,,,
"V1026",2007-02-01,,,,
"V1027",2007-02-02,,,,
"V1028",2007-02-05,,,,
"V1029",2007-02-06,,,,
"V1030",2007-02-07,,,,
"V1031",2007-02-08,,,,
"V1032",2007-02-09,,,,
"V1033",2007-02-12,,,,
"V1034",2007-02-13,,,,
"V1035",2007-02-14,,,,
"V1036",2007-02-15,,,,
"V1037",2007-02-16,,,,
"V1038",2007-02-19,,,,
"V1039",2007-02-20,,,,
"V1040",2007-02-21,,,,
"V1041",2007-02-22,,,,
"V1042",2007-02-23,,,,
"V1043",2007-02-26,,,,
"V1044",2007-02-27,,,,
"V1045",2007-02-28,,,,
"V1046",2007-03-01,,,,
"V1047",2007-03-02,,,,
"V1048",2007-03-05,,,,
"V1049",2007-03-06,,,,
"V1050",2007-03-07,,,,
"V1051",2007-03-08,,,,
"V1052",2007-03-09,,,,
"V1053",2007-03-12,,,,
"V1054",2007-03-13,,,,
"V1055",2007-03-14,,,,
"V1056",2007-03-15,,,,
"V1057",2007-03-16,,,,
"V1058",2007-03-19,,,,
"V1059",2007-03-20,,,,
"V1060",2007-03-21,,,,
"V1061",2007-03-22,,,,
"V1062",2007-03-23,,,,
"V1063",2007-03-26,,,,
"V1064",2007-03-27,,,5.1606,
"V1065",2007-03-28,,,,
"V1066",2007-03-29,,,,
"V1067",2007-03-30,,,,
"V1068",2007-04-03,,,,
"V1069",2007-04-04,,,,
"V1070",2007-04-09,,,,
"V1071",2007-04-10,,,,
"V1072",2007-04-11,,,,
"V1073",2007-04-12,,,,
"V1074",2007-04-13,,,,
"V1075",2007-04-16,,,,
"V1076",2007-04-17,,,,
"V1077",2007-04-18,,,,
"V1078",2007-04-19,,,,
"V1079",2007-04-20,,,,
"V1080",2007-04-23,,,,
"V1081",2007-04-24,,,,
"V1082",2007-04-25,,,,
"V1083",2007-04-26,,,,
"V1084",2007-04-27,,,,
"V1085",2007-04-30,,,,
"V1086",2007-05-02,,,,
"V1087",2007-05-03,,,,
"V1088",2007-05-04,,,,
"V1089",2007-05-07,,,,
"V1090",2007-05-08,,,,
"V1091",2007-05-09,,,,
"V1092",2007-05-10,,,,
"V1093",2007-05-11,,,,
"V1094",2007-05-14,,,,
"V1095",2007-05-15,,,,
"V1096",2007-05-16,,,,
"V1097",2007-05-17,,,,
"V1098",2007-05-18,,,,
"V1099",2007-05-21,,,,
"V1100",2007-05-22,,,,
"V1101",2007-05-23,,,,
"V1102",2007-05-24,,,,
"V1103",2007-05-28,,,,
"V1104",2007-05-29,,,,
"V1105",2007-05-30,,,,
"V1106",2007-05-31,,,,
"V1107",2007-06-01,,,,
"V1108",2007-06-04,,,,
"V1109",2007-06-05,,,,
"V1110",2007-06-06,,,,
"V1111",2007-06-07,,,,
"V1112",2007-06-08,,,,
"V1113",2007-06-11,,,,
"V1114",2007-06-12,,,,
"V1115",2007-06-13,,,,
"V1116",2007-06-14,,,,
"V1117",2007-06-15,,,,
"V1118",2007-06-19,,,,
"V1119",2007-06-20,,,,
"V1120",2007-06-21,,,,
"V1121",2007-06-22,,,,
"V1122",2007-06-25,,,,
"V1123",2007-06-26,,,,
"V1124",2007-06-27,,,,
"V1125",2007-06-28,,,,
"V1126",2007-06-29,,,,
"V1127",2007-07-02,,,,
"V1128",2007-07-03,,,,
"V1129",2007-07-04,,,,
"V1130",2007-07-05,,,,
"V1131",2007-07-06,,,,
"V1132",2007-07-10,,,,
"V1133",2007-07-11,,,,
"V1134",2007-07-12,,,,
"V1135",2007-07-13,,,,
"V1136",2007-07-16,,,,
"V1137",2007-07-17,,,,
"V1138",2007-07-18,,,,
"V1139",2007-07-19,,,,
"V1140",2007-07-20,,,,
"V1141",2007-07-23,,,,
"V1142",2007-07-24,,,,
"V1143",2007-07-25,,,,
"V1144",2007-07-26,,,,
"V1145",2007-07-27,,,,
"V1146",2007-07-30,,,,
"V1147",2007-07-31,,,,
"V1148",2007-08-01,,,,
"V1149",2007-08-02,,,,
"V1150",2007-08-03,,,,
"V1151",2007-08-06,,,,
"V1152",2007-08-07,,,,
"V1153",2007-08-08,,,,
"V1154",2007-08-09,,,,
"V1155",2007-08-10,,,,
"V1156",2007-08-13,,,,
"V1157",2007-08-14,,,,
"V1158",2007-08-15,,,,
"V1159",2007-08-16,,,,
"V1160",2007-08-17,,,,
"V1161",2007-08-21,,,,
"V1162",2007-08-22,,,,
"V1163",2007-08-23,,,,
"V1164",2007-08-24,,,,
"V1165",2007-08-27,,,,
"V1166",2007-08-28,,,,
"V1167",2007-08-29,,,,
"V1168",2007-08-30,,,,
"V1169",2007-08-31,,,,
"V1170",2007-09-03,,,,
"V1171",2007-09-04,,,,
"V1172",2007-09-05,,,,
"V1173",2007-09-06,,,,
"V1174",2007-09-07,,,,
"V1175",2007-09-10,,,,
"V1176",2007-09-11,,,,
"V1177",2007-09-12,,,,
"V1178",2007-09-13,,,,
"V1179",2007-09-14,,,,
"V1180",2007-09-17,,,,
"V1181",2007-09-18,,,,
"V1182",2007-09-19,,,,
"V1183",2007-09-20,,,,
"V1184",2007-09-21,,,,
"V1185",2007-09-24,,,,
"V1186",2007-09-25,,,,
"V1187",2007-09-26,,,,
"V1188",2007-09-27,,,,
"V1189",2007-09-28,,,,
"V1190",2007-10-01,,,,
"V1191",2007-10-02,,,,
"V1192",2007-10-03,,,,
"V1193",2007-10-04,,,,
"V1194",2007-10-05,,,,
"V1195",2007-10-08,,,,
"V1196",2007-10-09,,,,
"V1197",2007-10-10,,,,
"V1198",2007-10-11,,,,
"V1199",2007-10-12,,,,
"V1200",2007-10-16,,,,
"V1201",2007-10-17,,,,
"V1202",2007-10-18,,,,
"V1203",2007-10-19,,,,
"V1204",2007-10-22,,,,
"V1205",2007-10-23,,,,
"V1206",2007-10-24,,,,
"V1207",2007-10-25,,,,
"V1208",2007-10-26,,,,
"V1209",2007-10-29,,,,
"V1210",2007-10-30,,,,
"V1211",2007-10-31,,,,
"V1212",2007-11-01,,,,
"V1213",2007-11-02,,,,
"V1214",2007-11-05,,,,
"V1215",2007-11-07,,,,
"V1216",2007-11-08,,,,
"V1217",2007-11-09,,,,
"V1218",2007-11-12,,,,
"V1219",2007-11-13,,,,
"V1220",2007-11-14,,,,
"V1221",2007-11-15,,,,
"V1222",2007-11-16,,,,
"V1223",2007-11-19,,,,
"V1224",2007-11-20,,,,
"V1225",2007-11-21,,,,
"V1226",2007-11-22,,,,
"V1227",2007-11-23,,,,
"V1228",2007-11-26,,,,
"V1229",2007-11-27,,,,
"V1230",2007-11-28,,,,
"V1231",2007-11-29,,,,
"V1232",2007-11-30,,,,
"V1233",2007-12-03,,,,
"V1234",2007-12-04,,,,
"V1235",2007-12-05,,,,
"V1236",2007-12-06,,,,
"V1237",2007-12-07,,,,
"V1238",2007-12-10,,,,
"V1239",2007-12-11,,,,
"V1240",2007-12-12,,,,
"V1241",2007-12-13,,,,
"V1242",2007-12-14,,,,
"V1243",2007-12-17,,,,
"V1244",2007-12-18,,,,
"V1245",2007-12-19,,,,
"V1246",2007-12-20,,,,
"V1247",2007-12-21,,,,
"V1248",2007-12-26,,,,
"V1249",2007-12-27,,,,
"V1250",2007-12-28,,,,
"V1251",2008-01-02,,,,
"V1252",2008-01-03,,,,
"V1253",2008-01-04,,,,
"V1254",2008-01-07,,,,
"V1255",2008-01-08,,,,
"V1256",2008-01-09,,,,
"V1257",2008-01-10,,,,
"V1258",2008-01-11,,,,
"V1259",2008-01-14,,,,
"V1260",2008-01-15,,,,
"V1261",2008-01-16,,,,
"V1262",2008-01-17,,,,
"V1263",2008-01-18,,,,
"V1264",2008-01-21,,,,
"V1265",2008-01-22,,,,
"V1266",2008-01-23,,,,
"V1267",2008-01-24,,,,
"V1268",2008-01-25,,,,
"V1269",2008-01-28,,,,
"V1270",2008-01-29,,,,
"V1271",2008-01-30,,,,
"V1272",2008-01-31,,,,
"V1273",2008-02-01,,,,
"V1274",2008-02-04,,,,
"V1275",2008-02-05,,,,
"V1276",2008-02-06,,,,
"V1277",2008-02-07,,,,
"V1278",2008-02-08,,,,
"V1279",2008-02-11,,,,
"V1280",2008-02-12,,,,
"V1281",2008-02-13,,,,
"V1282",2008-02-14,,,,
"V1283",2008-02-15,,,,
"V1284",2008-02-18,,,,
"V1285",2008-02-19,,,,
"V1286",2008-02-20,,,,
"V1287",2008-02-21,,,,
"V1288",2008-02-22,,,,
"V1289",2008-02-25,,,,
"V1290",2008-02-26,,,,
"V1291",2008-02-27,,,,
"V1292",2008-02-28,,,,
"V1293",2008-02-29,,,,
"V1294",2008-03-03,,,,
"V1295",2008-03-04,,,,
"V1296",2008-03-05,,,,
"V1297",2008-03-06,,,,
"V1298",2008-03-07,,,,
"V1299",2008-03-10,,,,
"V1300",2008-03-11,,,,
"V1301",2008-03-12,,,,
"V1302",2008-03-13,,,,
"V1303",2008-03-14,,,,
"V1304",2008-03-17,,,,
"V1305",2008-03-18,,,,
"V1306",2008-03-19,,,,
"V1307",2008-03-25,,,,
"V1308",2008-03-26,,,,
"V1309",2008-03-27,,,,
"V1310",2008-03-28,,,,
"V1311",2008-03-31,,,,
"V1312",2008-04-01,,,,
"V1313",2008-04-03,,,,
"V1314",2008-04-04,,,,
"V1315",2008-04-07,,,,
"V1316",2008-04-08,,,,
"V1317",2008-04-09,,,,
"V1318",2008-04-10,,,,
"V1319",2008-04-11,,,,
"V1320",2008-04-14,,,,
"V1321",2008-04-15,,,,
"V1322",2008-04-16,,,,
"V1323",2008-04-17,,,,
"V1324",2008-04-18,,,,
"V1325",2008-04-21,,,,
"V1326",2008-04-22,,,,
"V1327",2008-04-23,,,,
"V1328",2008-04-24,,,,
"V1329",2008-04-25,,,,
"V1330",2008-04-28,,,,
"V1331",2008-04-29,,,,
"V1332",2008-04-30,,,,
"V1333",2008-05-02,,,,
"V1334",2008-05-05,,,,
"V1335",2008-05-06,,,,
"V1336",2008-05-07,,,,
"V1337",2008-05-08,,,,
"V1338",2008-05-09,,,,
"V1339",2008-05-12,,,,
"V1340",2008-05-13,,,,
"V1341",2008-05-14,,,,
"V1342",2008-05-15,,,,
"V1343",2008-05-16,,,,
"V1344",2008-05-19,,,,
"V1345",2008-05-20,,,,
"V1346",2008-05-21,,,,
"V1347",2008-05-22,,,,
"V1348",2008-05-23,,,,
"V1349",2008-05-26,,,,
"V1350",2008-05-27,,,,
"V1351",2008-05-28,,,,
"V1352",2008-05-29,,,,
"V1353",2008-05-30,,,,
"V1354",2008-06-02,,,,
"V1355",2008-06-03,,,,
"V1356",2008-06-04,,,,
"V1357",2008-06-05,,,,
"V1358",2008-06-06,,,,
"V1359",2008-06-09,,,,
"V1360",2008-06-10,,,,
"V1361",2008-06-11,,,,
"V1362",2008-06-12,,,,
"V1363",2008-06-13,,,,
"V1364",2008-06-17,,,,
"V1365",2008-06-18,,,,
"V1366",2008-06-19,,,,
"V1367",2008-06-20,,,,
"V1368",2008-06-23,,,,
"V1369",2008-06-24,,,,
"V1370",2008-06-25,,,,
"V1371",2008-06-26,,,,
"V1372",2008-06-27,,,,
"V1373",2008-06-30,,,,
"V1374",2008-07-01,,,,
"V1375",2008-07-02,,,,
"V1376",2008-07-03,,,,
"V1377",2008-07-04,,,,
"V1378",2008-07-07,,,,
"V1379",2008-07-08,,,,
"V1380",2008-07-10,,,,
"V1381",2008-07-11,,,,
"V1382",2008-07-14,,,,
"V1383",2008-07-15,,,,
"V1384",2008-07-16,,,,
"V1385",2008-07-17,,,,
"V1386",2008-07-18,,,,
"V1387",2008-07-21,,,,
"V1388",2008-07-22,,,,
"V1389",2008-07-23,,,,
"V1390",2008-07-24,,,,
"V1391",2008-07-25,,,,
"V1392",2008-07-28,,,,
"V1393",2008-07-29,,,,
"V1394",2008-07-30,,,,
"V1395",2008-07-31,,,,
"V1396",2008-08-01,,,,
"V1397",2008-08-04,,,,
"V1398",2008-08-05,,,,
"V1399",2008-08-06,,,,
"V1400",2008-08-07,,,,
"V1401",2008-08-08,,,,
"V1402",2008-08-11,,,,
"V1403",2008-08-12,,,,
"V1404",2008-08-13,,,,
"V1405",2008-08-14,,,,
"V1406",2008-08-15,,,,
"V1407",2008-08-19,,,,
"V1408",2008-08-20,,,,
"V1409",2008-08-21,,,,
"V1410",2008-08-22,,,,
"V1411",2008-08-25,,,,
"V1412",2008-08-26,,,,
"V1413",2008-08-27,,,,
"V1414",2008-08-28,,,,
"V1415",2008-08-29,,,,
"V1416",2008-09-01,,,,
"V1417",2008-09-02,,,,
"V1418",2008-09-03,,,,
"V1419",2008-09-04,,,,
"V1420",2008-09-05,,,,
"V1421",2008-09-08,,,,
"V1422",2008-09-09,,,,
"V1423",2008-09-10,,,,
"V1424",2008-09-11,,,,
"V1425",2008-09-12,,,,
"V1426",2008-09-15,,,,
"V1427",2008-09-16,,,,
"V1428",2008-09-17,,,,
"V1429",2008-09-18,,,,
"V1430",2008-09-19,,,,
"V1431",2008-09-22,,,,
"V1432",2008-09-23,,,,
"V1433",2008-09-24,,,,
"V1434",2008-09-25,,,,
"V1435",2008-09-26,,,,
"V1436",2008-09-29,,,,
"V1437",2008-09-30,,,,
"V1438",2008-10-01,,,,
"V1439",2008-10-02,,,,
"V1440",2008-10-03,,,,
"V1441",2008-10-06,,,,
"V1442",2008-10-07,,,,
"V1443",2008-10-08,,,,
"V1444",2008-10-09,,,,
"V1445",2008-10-10,,,,
"V1446",2008-10-14,,,,
"V1447",2008-10-15,,,,
"V1448",2008-10-16,,,,
"V1449",2008-10-17,,,,
"V1450",2008-10-20,,,,
"V1451",2008-10-21,,,,
"V1452",2008-10-22,,,,
"V1453",2008-10-23,,,,
"V1454",2008-10-24,,,,
"V1455",2008-10-27,,,,
"V1456",2008-10-28,,,,
"V1457",2008-10-29,,,,
"V1458",2008-10-30,,,,
"V1459",2008-10-31,,,,
"V1460",2008-11-03,,,,
"V1461",2008-11-04,,,,
"V1462",2008-11-05,,,,
"V1463",2008-11-07,,,,
"V1464",2008-11-10,,,,
"V1465",2008-11-11,,,,
"V1466",2008-11-12,,,,
"V1467",2008-11-13,,,,
"V1468",2008-11-14,,,,
"V1469",2008-11-17,,,,
"V1470",2008-11-18,,,,
"V1471",2008-11-19,,,,
"V1472",2008-11-20,,,,
"V1473",2008-11-21,,,,
"V1474",2008-11-24,,,,
"V1475",2008-11-25,,,,
"V1476",2008-11-26,,,,
"V1477",2008-11-27,,,,
"V1478",2008-11-28,,,,
"V1479",2008-12-01,,,,
"V1480",2008-12-02,,,,
"V1481",2008-12-03,,,,
"V1482",2008-12-04,,,,
"V1483",2008-12-05,,,,
"V1484",2008-12-09,,,,
"V1485",2008-12-10,,,,
"V1486",2008-12-11,,,,
"V1487",2008-12-12,,,,
"V1488",2008-12-15,,,,
"V1489",2008-12-16,,,,
"V1490",2008-12-17,,,,
"V1491",2008-12-18,,,,
"V1492",2008-12-19,,,,
"V1493",2008-12-22,,,,
"V1494",2008-12-23,,,,
"V1495",2008-12-24,,,,
"V1496",2008-12-26,,,,
"V1497",2008-12-29,,,,
"V1498",2008-12-30,,,,
"V1499",2008-12-31,,,,
"V1500",2009-01-02,,,,
"V1501",2009-01-05,,,,
"V1502",2009-01-06,,,,
"V1503",2009-01-07,,,,
"V1504",2009-01-08,,,,
"V1505",2009-01-09,,,,
"V1506",2009-01-12,,,,
"V1507",2009-01-13,,,,
"V1508",2009-01-14,,,,
"V1509",2009-01-15,,,,
"V1510",2009-01-16,,,,
"V1511",2009-01-19,,,,
"V1512",2009-01-20,,,,
"V1513",2009-01-21,,,,
"V1514",2009-01-22,,,,
"V1515",2009-01-23,,,,
"V1516",2009-01-26,,,,
"V1517",2009-01-27,,,,
"V1518",2009-01-28,,,,
"V1519",2009-01-29,,,,
"V1520",2009-01-30,,,,
"V1521",2009-02-02,,,,
"V1522",2009-02-03,,,,
"V1523",2009-02-04,,,,
"V1524",2009-02-05,,,,
"V1525",2009-02-06,,,,
"V1526",2009-02-09,,,,
"V1527",2009-02-10,,,,
"V1528",2009-02-11,,,,
"V1529",2009-02-12,,,,
"V1530",2009-02-13,,,,
"V1531",2009-02-16,,,,
"V1532",2009-02-17,,,,
"V1533",2009-02-18,,,,
"V1534",2009-02-19,,,,
"V1535",2009-02-20,,,,
"V1536",2009-02-23,,,,
"V1537",2009-02-24,,,,
"V1538",2009-02-25,,,,
"V1539",2009-02-26,,,,
"V1540",2009-02-27,,,,
"V1541",2009-03-02,,,,
"V1542",2009-03-03,,,,
"V1543",2009-03-04,,,,
"V1544",2009-03-05,,,,
"V1545",2009-03-06,,,,
"V1546",2009-03-09,,,,
"V1547",2009-03-10,,,,
"V1548",2009-03-11,,,,
"V1549",2009-03-12,,,,
"V1550",2009-03-13,,,,
"V1551",2009-03-16,,,,
"V1552",2009-03-17,,,,
"V1553",2009-03-18,,,,
"V1554",2009-03-19,,,,
"V1555",2009-03-20,,,,
"V1556",2009-03-23,,,,
"V1557",2009-03-25,,,,
"V1558",2009-03-26,,,,
"V1559",2009-03-27,,,,
"V1560",2009-03-30,,,,
"V1561",2009-03-31,,,,
"V1562",2009-04-01,,,,
"V1563",2009-04-03,,,,
"V1564",2009-04-06,,,,
"V1565",2009-04-07,,,,
"V1566",2009-04-08,,,,
"V1567",2009-04-13,,,,
"V1568",2009-04-14,,,,
"V1569",2009-04-15,,,,
"V1570",2009-04-16,,,,
"V1571",2009-04-17,,,,
"V1572",2009-04-20,,,,
"V1573",2009-04-21,,,,
"V1574",2009-04-22,,,,
"V1575",2009-04-23,,,,
"V1576",2009-04-24,,,,
"V1577",2009-04-27,,,,
"V1578",2009-04-28,,,,
"V1579",2009-04-29,,,,
"V1580",2009-04-30,,,,
"V1581",2009-05-04,,,,
"V1582",2009-05-05,,,,
"V1583",2009-05-06,,,,
"V1584",2009-05-07,,,,
"V1585",2009-05-08,,,,
"V1586",2009-05-11,,,,
"V1587",2009-05-12,,,,
"V1588",2009-05-13,,,,
"V1589",2009-05-14,,,,
"V1590",2009-05-15,,,,
"V1591",2009-05-18,,,,
"V1592",2009-05-19,,,,
"V1593",2009-05-20,,,,
"V1594",2009-05-21,,,,
"V1595",2009-05-22,,,,
"V1596",2009-05-26,,,,
"V1597",2009-05-27,,,,
"V1598",2009-05-28,,,,
"V1599",2009-05-29,,,,
"V1600",2009-06-01,,,,
"V1601",2009-06-02,,,,
"V1602",2009-06-03,,,,
"V1603",2009-06-04,,,,
"V1604",2009-06-05,,,,
"V1605",2009-06-08,,,,
"V1606",2009-06-09,,,,
"V1607",2009-06-10,,,,
"V1608",2009-06-11,,,,
"V1609",2009-06-12,,,,
"V1610",2009-06-16,,,,
"V1611",2009-06-17,,,,
"V1612",2009-06-18,,,,
"V1613",2009-06-19,,,,
"V1614",2009-06-22,,,,
"V1615",2009-06-23,,,,
"V1616",2009-06-24,,,,
"V1617",2009-06-25,,,,
"V1618",2009-06-26,,,,
"V1619",2009-06-29,,,,
"V1620",2009-06-30,,,,
"V1621",2009-07-01,,,,
"V1622",2009-07-02,,,,
"V1623",2009-07-03,,,,
"V1624",2009-07-06,,,,
"V1625",2009-07-07,,,,
"V1626",2009-07-08,,,,
"V1627",2009-07-13,,,,
"V1628",2009-07-14,,,,
"V1629",2009-07-15,,,,
"V1630",2009-07-16,,,,
"V1631",2009-07-17,,,,
"V1632",2009-07-20,,,,
"V1633",2009-07-21,,,,
"V1634",2009-07-22,,,,
"V1635",2009-07-23,,,,
"V1636",2009-07-24,,,,
"V1637",2009-07-27,,,,
"V1638",2009-07-28,,,,
"V1639",2009-07-29,,,,
"V1640",2009-07-30,,,,
"V1641",2009-07-31,,,,
"V1642",2009-08-03,,,,
"V1643",2009-08-04,,,,
"V1644",2009-08-05,,,,
"V1645",2009-08-06,,,,
"V1646",2009-08-07,,,,
"V1647",2009-08-10,,,,
"V1648",2009-08-11,,,,
"V1649",2009-08-12,,,,
"V1650",2009-08-13,,,,
"V1651",2009-08-14,,,,
"V1652",2009-08-18,,,,
"V1653",2009-08-19,,,,
"V1654",2009-08-20,,,,
"V1655",2009-08-21,,,,
"V1656",2009-08-24,,,,
"V1657",2009-08-25,,,,
"V1658",2009-08-26,,,,
"V1659",2009-08-27,,,,
"V1660",2009-08-28,,,,
"V1661",2009-08-31,,,,
"V1662",2009-09-01,,,,
"V1663",2009-09-02,,,,
"V1664",2009-09-03,,,,
"V1665",2009-09-04,,,,
"V1666",2009-09-07,,,,
"V1667",2009-09-08,,,,
"V1668",2009-09-09,,,,
"V1669",2009-09-10,,,,
"V1670",2009-09-11,,,,
"V1671",2009-09-14,,,,
"V1672",2009-09-15,,,,
"V1673",2009-09-16,,,,
"V1674",2009-09-17,,,,
"V1675",2009-09-18,,,,
"V1676",2009-09-21,,,,
"V1677",2009-09-22,,,,
"V1678",2009-09-23,,,,
"V1679",2009-09-24,,,,
"V1680",2009-09-25,,,,
"V1681",2009-09-28,,,,
"V1682",2009-09-29,,,,
"V1683",2009-09-30,,,,
"V1684",2009-10-01,,,,
"V1685",2009-10-02,,,,
"V1686",2009-10-05,,,,
"V1687",2009-10-06,,,,
"V1688",2009-10-07,,,,
"V1689",2009-10-08,,,,
"V1690",2009-10-09,,,,
"V1691",2009-10-13,,,,
"V1692",2009-10-14,,,,
"V1693",2009-10-15,,,,
"V1694",2009-10-16,,,,
"V1695",2009-10-19,,,,
"V1696",2009-10-20,,,,
"V1697",2009-10-21,,,,
"V1698",2009-10-22,,,,
"V1699",2009-10-23,,,,
"V1700",2009-10-26,,,,
"V1701",2009-10-27,,,,
"V1702",2009-10-28,,,,
"V1703",2009-10-29,,,,
"V1704",2009-10-30,,,,
"V1705",2009-11-02,,,,
"V1706",2009-11-03,,,,
"V1707",2009-11-04,,,,
"V1708",2009-11-05,,,,
"V1709",2009-11-09,,,,
"V1710",2009-11-10,,,,
"V1711",2009-11-11,,,,
"V1712",2009-11-12,,,,
"V1713",2009-11-13,,,,
"V1714",2009-11-16,,,,
"V1715",2009-11-17,,,,
"V1716",2009-11-18,,,,
"V1717",2009-11-19,,,,
"V1718",2009-11-20,,,,
"V1719",2009-11-23,,,,
"V1720",2009-11-24,,,,
"V1721",2009-11-25,,,,
"V1722",2009-11-26,,,,
"V1723",2009-11-27,,,,
"V1724",2009-11-30,,,,
"V1725",2009-12-01,,,,
"V1726",2009-12-02,,,,
"V1727",2009-12-03,,,,
"V1728",2009-12-04,,,,
"V1729",2009-12-07,,,,
"V1730",2009-12-09,,,,
"V1731",2009-12-10,,,,
"V1732",2009-12-11,,,,
"V1733",2009-12-14,,,,
"V1734",2009-12-15,,,,
"V1735",2009-12-16,,,,
"V1736",2009-12-17,,,,
"V1737",2009-12-18,,,,
"V1738",2009-12-21,,,,
"V1739",2009-12-22,,,,
"V1740",2009-12-23,,,,
"V1741",2009-12-24,,,,
"V1742",2009-12-28,,,,
"V1743",2009-12-29,,,,
"V1744",2009-12-30,,,,
"V1745",2009-12-31,,,,
"V1746",2010-01-04,,,,
"V1747",2010-01-05,,,,
"V1748",2010-01-06,,,,
"V1749",2010-01-07,,,,
"V1750",2010-01-08,,,,
"V1751",2010-01-11,,,,
"V1752",2010-01-12,,,,
"V1753",2010-01-13,,,,
"V1754",2010-01-14,,,,
"V1755",2010-01-15,,,,
"V1756",2010-01-18,,,,
"V1757",2010-01-19,,,,
"V1758",2010-01-20,,,,
"V1759",2010-01-21,,,,
"V1760",2010-01-22,,,,
"V1761",2010-01-25,,,,
"V1762",2010-01-26,,,,
"V1763",2010-01-27,,,,
"V1764",2010-01-28,,,,
"V1765",2010-01-29,,,,
"V1766",2010-02-01,,,,
"V1767",2010-02-02,,,,
"V1768",2010-02-03,,,,
"V1769",2010-02-04,,,,
"V1770",2010-02-05,,,,
"V1771",2010-02-08,,,,
"V1772",2010-02-09,,,,
"V1773",2010-02-10,,,,
"V1774",2010-02-11,,,,
"V1775",2010-02-12,,,,
"V1776",2010-02-15,,,,
"V1777",2010-02-16,,,,
"V1778",2010-02-17,,,,
"V1779",2010-02-18,,,,
"V1780",2010-02-19,,,,
"V1781",2010-02-22,,,,
"V1782",2010-02-23,,,,
"V1783",2010-02-24,,,,
"V1784",2010-02-25,,,,
"V1785",2010-02-26,,,,
"V1786",2010-03-01,,,,
"V1787",2010-03-02,,,,
"V1788",2010-03-03,,,,
"V1789",2010-03-04,,,,
"V1790",2010-03-05,,,,
"V1791",2010-03-08,,,,
"V1792",2010-03-09,,,,
"V1793",2010-03-10,,,,
"V1794",2010-03-11,,,,
"V1795",2010-03-12,,,,
"V1796",2010-03-15,,,,
"V1797",2010-03-16,,,,
"V1798",2010-03-17,,,,
"V1799",2010-03-18,,,,
"V1800",2010-03-19,,,,
"V1801",2010-03-22,,,,
"V1802",2010-03-23,,,,
"V1803",2010-03-25,,,,
"V1804",2010-03-26,,,,
"V1805",2010-03-29,,,,
"V1806",2010-03-30,,,,
"V1807",2010-03-31,,,,
"V1808",2010-04-05,,,,
"V1809",2010-04-06,,,,
"V1810",2010-04-07,,,,
"V1811",2010-04-08,,,,
"V1812",2010-04-09,,,,
"V1813",2010-04-12,,,,
"V1814",2010-04-13,,,,
"V1815",2010-04-14,,,,
"V1816",2010-04-15,,,,
"V1817",2010-04-16,,,,
"V1818",2010-04-19,,,,
"V1819",2010-04-20,,,,
"V1820",2010-04-21,,,,
"V1821",2010-04-22,,,,
"V1822",2010-04-23,,,,
"V1823",2010-04-26,,,,
"V1824",2010-04-27,,,,
"V1825",2010-04-28,,,,
"V1826",2010-04-29,,,,
"V1827",2010-04-30,,,,
"V1828",2010-05-03,,,,
"V1829",2010-05-04,,,,
"V1830",2010-05-05,,,,
"V1831",2010-05-06,,,,
"V1832",2010-05-07,,,,
"V1833",2010-05-10,,,,
"V1834",2010-05-11,,,,
"V1835",2010-05-12,,,,
"V1836",2010-05-13,,,,
"V1837",2010-05-14,,,,
"V1838",2010-05-17,,,,
"V1839",2010-05-18,,,,
"V1840",2010-05-19,,,,
"V1841",2010-05-20,,,,
"V1842",2010-05-21,,,,
"V1843",2010-05-26,,,,
"V1844",2010-05-27,,,,
"V1845",2010-05-28,,,,
"V1846",2010-05-31,,,,
"V1847",2010-06-01,,,,
"V1848",2010-06-02,,,,
"V1849",2010-06-03,,,,
"V1850",2010-06-04,,,,
"V1851",2010-06-07,,,,
"V1852",2010-06-08,,,,
"V1853",2010-06-09,,,,
"V1854",2010-06-10,,,,
"V1855",2010-06-11,,,,
"V1856",2010-06-14,,,,
"V1857",2010-06-15,,,,
"V1858",2010-06-16,,,,
"V1859",2010-06-17,,,,
"V1860",2010-06-18,,,,
"V1861",2010-06-22,,,,
"V1862",2010-06-23,,,,
"V1863",2010-06-24,,,,
"V1864",2010-06-25,,,,
"V1865",2010-06-28,,,,
"V1866",2010-06-29,,,,
"V1867",2010-06-30,,,,
"V1868",2010-07-01,,,,
"V1869",2010-07-02,,,,
"V1870",2010-07-05,,,,
"V1871",2010-07-06,,,,
"V1872",2010-07-07,,,,
"V1873",2010-07-08,,,,
"V1874",2010-07-12,,,,
"V1875",2010-07-13,,,,
"V1876",2010-07-14,,,,
"V1877",2010-07-15,,,,
"V1878",2010-07-16,,,,
"V1879",2010-07-19,,,,
"V1880",2010-07-20,,,,
"V1881",2010-07-21,,,,
"V1882",2010-07-22,,,,
"V1883",2010-07-23,,,,
"V1884",2010-07-26,,,,
"V1885",2010-07-27,,,,
"V1886",2010-07-28,,,,
"V1887",2010-07-29,,,,
"V1888",2010-07-30,,,,
"V1889",2010-08-02,,,,
"V1890",2010-08-03,,,,
"V1891",2010-08-04,,,,
"V1892",2010-08-05,,,,
"V1893",2010-08-06,,,,
"V1894",2010-08-09,,,,
"V1895",2010-08-10,,,,
"V1896",2010-08-11,,,,
"V1897",2010-08-12,,,,
"V1898",2010-08-13,,,,
"V1899",2010-08-17,,,,
"V1900",2010-08-18,,,,
"V1901",2010-08-19,,,,
"V1902",2010-08-20,,,,
"V1903",2010-08-23,,,,
"V1904",2010-08-24,,,,
"V1905",2010-08-25,,,,
"V1906",2010-08-26,,,,
"V1907",2010-08-27,,,,
"V1908",2010-08-30,,,,
"V1909",2010-08-31,,,,
"V1910",2010-09-01,,,,
"V1911",2010-09-02,,,,
"V1912",2010-09-03,,,,
"V1913",2010-09-06,,,,
"V1914",2010-09-07,,,,
"V1915",2010-09-08,,,,
"V1916",2010-09-09,,,,
"V1917",2010-09-10,,,,
"V1918",2010-09-13,,,,
"V1919",2010-09-14,,,,
"V1920",2010-09-15,,,,
"V1921",2010-09-16,,,,
"V1922",2010-09-17,,,,
"V1923",2010-09-20,,,,
"V1924",2010-09-21,,,,
"V1925",2010-09-22,,,,
"V1926",2010-09-23,,,,
"V1927",2010-09-24,,,,
"V1928",2010-09-27,,,,
"V1929",2010-09-28,,,,
"V1930",2010-09-29,,,,
"V1931",2010-09-30,,,,
"V1932",2010-10-01,,,,
"V1933",2010-10-04,,,,
"V1934",2010-10-05,,,,
"V1935",2010-10-06,,,,
"V1936",2010-10-07,,,,
"V1937",2010-10-08,,,,
"V1938",2010-10-12,,,,
"V1939",2010-10-13,,,,
"V1940",2010-10-14,,,,
"V1941",2010-10-15,,,,
"V1942",2010-10-18,,,,
"V1943",2010-10-19,,,,
"V1944",2010-10-20,,,,
"V1945",2010-10-21,,,,
"V1946",2010-10-22,,,,
"V1947",2010-10-25,,,,
"V1948",2010-10-26,,,,
"V1949",2010-10-28,,,,
"V1950",2010-10-29,,,,
"V1951",2010-11-01,,,,
"V1952",2010-11-02,,,,
"V1953",2010-11-03,,,,
"V1954",2010-11-04,,,,
"V1955",2010-11-05,,,,
"V1956",2010-11-08,,,,
"V1957",2010-11-09,,,,
"V1958",2010-11-10,,,,
"V1959",2010-11-11,,,,
"V1960",2010-11-12,,,,
"V1961",2010-11-15,,,,
"V1962",2010-11-16,,,,
"V1963",2010-11-17,,,,
"V1964",2010-11-18,,,,
"V1965",2010-11-19,,,,
"V1966",2010-11-23,,,,
"V1967",2010-11-24,,,,
"V1968",2010-11-25,,,,
"V1969",2010-11-26,,,,
"V1970",2010-11-29,,,,
"V1971",2010-11-30,,,,
"V1972",2010-12-01,,,,
"V1973",2010-12-02,,,,
"V1974",2010-12-03,,,,
"V1975",2010-12-06,,,,
"V1976",2010-12-07,,,,
"V1977",2010-12-09,,,,
"V1978",2010-12-10,,,,
"V1979",2010-12-13,,,,
"V1980",2010-12-14,,,,
"V1981",2010-12-15,,,,
"V1982",2010-12-16,,,,
"V1983",2010-12-17,,,,
"V1984",2010-12-20,,,,
"V1985",2010-12-21,,,,
"V1986",2010-12-22,,,,
"V1987",2010-12-23,,,,
"V1988",2010-12-27,,,,
"V1989",2010-12-28,,,,
"V1990",2010-12-29,,,,
"V1991",2010-12-30,,,,
"V1992",2011-01-03,,,,
"V1993",2011-01-04,,,,
"V1994",2011-01-05,,,,
"V1995",2011-01-06,,,,
"V1996",2011-01-07,,,,
"V1997",2011-01-10,,,,
"V1998",2011-01-11,,,,
"V1999",2011-01-12,,,,
"V2000",2011-01-13,,,,
"V2001",2011-01-14,,,,
"V2002",2011-01-17,,,,
"V2003",2011-01-18,,,,
"V2004",2011-01-19,,,,
"V2005",2011-01-20,,,,
"V2006",2011-01-21,,,,
"V2007",2011-01-24,,,,
"V2008",2011-01-25,,,,
"V2009",2011-01-26,,,,
"V2010",2011-01-27,,,,
"V2011",2011-01-28,,,,
"V2012",2011-01-31,,,,
"V2013",2011-02-01,,,,
"V2014",2011-02-02,,,,
"V2015",2011-02-03,,,,
"V2016",2011-02-04,,,,
"V2017",2011-02-07,,,,
"V2018",2011-02-08,,,,
"V2019",2011-02-09,,,,
"V2020",2011-02-10,,,,
"V2021",2011-02-11,,,,
"V2022",2011-02-14,,,,
"V2023",2011-02-15,,,,
"V2024",2011-02-16,,,,
"V2025",2011-02-17,,,,
"V2026",2011-02-18,,,,
"V2027",2011-02-21,,,,
"V2028",2011-02-22,,,,
"V2029",2011-02-23,,,,
"V2030",2011-02-24,,,,
"V2031",2011-02-25,,,,
"V2032",2011-02-28,,,,
"V2033",2011-03-01,,,,
"V2034",2011-03-02,,,,
"V2035",2011-03-03,,,,
"V2036",2011-03-04,,,,
"V2037",2011-03-09,,,,
"V2038",2011-03-10,,,,
"V2039",2011-03-11,,,,
"V2040",2011-03-14,,,,
"V2041",2011-03-15,,,,
"V2042",2011-03-16,,,,
"V2043",2011-03-17,,,,
"V2044",2011-03-18,,,,
"V2045",2011-03-21,,,,
"V2046",2011-03-22,,,,
"V2047",2011-03-23,,,,
"V2048",2011-03-28,,,,
"V2049",2011-03-29,,,,
"V2050",2011-03-30,,,,
"V2051",2011-03-31,,,,
"V2052",2011-04-01,,,,
"V2053",2011-04-04,,,,
"V2054",2011-04-05,,,,
"V2055",2011-04-06,,,,
"V2056",2011-04-07,,,,
"V2057",2011-04-08,,,,
"V2058",2011-04-11,,,,
"V2059",2011-04-12,,,,
"V2060",2011-04-13,,,,
"V2061",2011-04-14,,,,
"V2062",2011-04-15,,,,
"V2063",2011-04-18,,,,
"V2064",2011-04-19,,,,
"V2065",2011-04-20,,,,
"V2066",2011-04-25,,,,
"V2067",2011-04-26,,,,
"V2068",2011-04-27,,,,
"V2069",2011-04-28,,,,
"V2070",2011-04-29,,,,
"V2071",2011-05-02,,,,
"V2072",2011-05-03,,,,
"V2073",2011-05-04,,,,
"V2074",2011-05-05,,,,
"V2075",2011-05-06,,,,
"V2076",2011-05-09,,,,
"V2077",2011-05-10,,,,
"V2078",2011-05-11,,,,
"V2079",2011-05-12,,,,
"V2080",2011-05-13,,,,
"V2081",2011-05-16,,,,
"V2082",2011-05-17,,,,
"V2083",2011-05-18,,,,
"V2084",2011-05-19,,,,
"V2085",2011-05-20,,,,
"V2086",2011-05-23,,,,
"V2087",2011-05-24,,,,
"V2088",2011-05-26,,,,
"V2089",2011-05-27,,,,
"V2090",2011-05-30,,,,
"V2091",2011-05-31,,,,
"V2092",2011-06-01,,,,
"V2093",2011-06-02,,,,
"V2094",2011-06-03,,,,
"V2095",2011-06-06,,,,
"V2096",2011-06-07,,,,
"V2097",2011-06-08,,,,
"V2098",2011-06-09,,,,
"V2099",2011-06-10,,,,
"V2100",2011-06-13,,,,
"V2101",2011-06-14,,,,
"V2102",2011-06-15,,,,
"V2103",2011-06-16,,,,
"V2104",2011-06-17,,,,
"V2105",2011-06-21,,,,
"V2106",2011-06-22,,,,
"V2107",2011-06-23,,,,
"V2108",2011-06-24,,,,
"V2109",2011-06-27,,,,
"V2110",2011-06-28,,,,
"V2111",2011-06-29,,,,
"V2112",2011-06-30,,,,
"V2113",2011-07-01,,,,
"V2114",2011-07-04,,,,
"V2115",2011-07-05,,,,
"V2116",2011-07-06,,,,
"V2117",2011-07-07,,,,
"V2118",2011-07-08,,,,
"V2119",2011-07-11,,,,
"V2120",2011-07-12,,,,
"V2121",2011-07-13,,,,
"V2122",2011-07-14,,,,
"V2123",2011-07-15,,,,
"V2124",2011-07-18,,,,
"V2125",2011-07-19,,,,
"V2126",2011-07-20,,,,
"V2127",2011-07-21,,,,
"V2128",2011-07-22,,,,
"V2129",2011-07-25,,,,
"V2130",2011-07-26,,,,
"V2131",2011-07-27,,,,
"V2132",2011-07-28,,,,
"V2133",2011-07-29,,,,
"V2134",2011-08-01,,,,
"V2135",2011-08-02,,,,
"V2136",2011-08-03,,,,
"V2137",2011-08-04,,,,
"V2138",2011-08-05,,,,
"V2139",2011-08-08,,,,
"V2140",2011-08-09,,,,
"V2141",2011-08-10,,,,
"V2142",2011-08-11,,,,
"V2143",2011-08-12,,,,
"V2144",2011-08-15,,,,
"V2145",2011-08-16,,,,
"V2146",2011-08-17,,,,
"V2147",2011-08-18,,,,
"V2148",2011-08-19,,,,
"V2149",2011-08-23,,,,
"V2150",2011-08-24,,,,
"V2151",2011-08-25,,,,
"V2152",2011-08-26,,,,
"V2153",2011-08-29,,,,
"V2154",2011-08-30,,,,
"V2155",2011-08-31,,,,
"V2156",2011-09-01,,,,
"V2157",2011-09-02,,,,
"V2158",2011-09-05,,,,
"V2159",2011-09-06,,,,
"V2160",2011-09-07,,,,
"V2161",2011-09-08,,,,
"V2162",2011-09-09,,,,
"V2163",2011-09-12,,,,
"V2164",2011-09-13,,,,
"V2165",2011-09-14,,,,
"V2166",2011-09-15,,,,
"V2167",2011-09-16,,,,
"V2168",2011-09-19,,,,
"V2169",2011-09-20,,,,
"V2170",2011-09-21,,,,
"V2171",2011-09-22,,,,
"V2172",2011-09-23,,,,
"V2173",2011-09-26,,,,
"V2174",2011-09-27,,,,
"V2175",2011-09-28,,,,
"V2176",2011-09-29,,,,
"V2177",2011-09-30,,,,
"V2178",2011-10-03,,,,
"V2179",2011-10-04,,,,
"V2180",2011-10-05,,,,
"V2181",2011-10-06,,,,
"V2182",2011-10-07,,,,
"V2183",2011-10-11,,,,
"V2184",2011-10-12,,,,
"V2185",2011-10-13,,,,
"V2186",2011-10-14,,,,
"V2187",2011-10-17,,,,
"V2188",2011-10-18,,,,
"V2189",2011-10-19,,,,
"V2190",2011-10-20,,,,
"V2191",2011-10-21,,,,
"V2192",2011-10-24,,,,
"V2193",2011-10-25,,,,
"V2194",2011-10-26,,,,
"V2195",2011-10-27,,,,
"V2196",2011-10-28,,,,
"V2197",2011-10-31,,,,
"V2198",2011-11-01,,,,
"V2199",2011-11-02,,,,
"V2200",2011-11-03,,,,
"V2201",2011-11-04,,,,
"V2202",2011-11-07,,,,
"V2203",2011-11-08,,,,
"V2204",2011-11-09,,,,
"V2205",2011-11-10,,,,
"V2206",2011-11-11,,,,
"V2207",2011-11-14,,,,
"V2208",2011-11-15,,,,
"V2209",2011-11-16,,,,
"V2210",2011-11-17,,,,
"V2211",2011-11-18,,,,
"V2212",2011-11-21,,,,
"V2213",2011-11-22,,,,
"V2214",2011-11-23,,,,
"V2215",2011-11-24,,,,
"V2216",2011-11-25,,,,
"V2217",2011-11-29,,,,
"V2218",2011-11-30,,,,
"V2219",2011-12-01,,,,
"V2220",2011-12-02,,,,
"V2221",2011-12-05,,,,
"V2222",2011-12-06,,,,
"V2223",2011-12-07,,,,
"V2224",2011-12-12,,,,
"V2225",2011-12-13,,,,
"V2226",2011-12-14,,,,
"V2227",2011-12-15,,,,
"V2228",2011-12-16,,,,
"V2229",2011-12-19,,,,
"V2230",2011-12-20,,,,
"V2231",2011-12-21,,,,
"V2232",2011-12-22,,,,
"V2233",2011-12-23,,,,
"V2234",2011-12-27,,,,
"V2235",2011-12-28,,,,
"V2236",2011-12-29,,,,
"V2237",2011-12-30,,,,
"V2238",2012-01-03,,,,
"V2239",2012-01-04,,,,
"V2240",2012-01-05,,,,
"V2241",2012-01-06,,,,
"V2242",2012-01-09,,,,
"V2243",2012-01-10,,,,
"V2244",2012-01-11,,,,
"V2245",2012-01-12,,,,
"V2246",2012-01-13,,,,
"V2247",2012-01-16,,,,
"V2248",2012-01-17,,,,
"V2249",2012-01-18,,,,
"V2250",2012-01-19,,,,
"V2251",2012-01-20,,,,
"V2252",2012-01-23,,,,
"V2253",2012-01-24,,,,
"V2254",2012-01-25,,,,
"V2255",2012-01-26,,,,
"V2256",2012-01-27,,,,
"V2257",2012-01-30,,,,
"V2258",2012-01-31,,,,
"V2259",2012-02-01,,,,
"V2260",2012-02-02,,,,
"V2261",2012-02-03,,,,
"V2262",2012-02-06,,,,
"V2263",2012-02-07,,,,
"V2264",2012-02-08,,,,
"V2265",2012-02-09,,,,
"V2266",2012-02-10,,,,
"V2267",2012-02-13,,,,
"V2268",2012-02-14,,,,
"V2269",2012-02-15,,,,
"V2270",2012-02-16,,,,
"V2271",2012-02-17,,,,
"V2272",2012-02-22,,,,
"V2273",2012-02-23,,,,
"V2274",2012-02-24,,,,
"V2275",2012-02-28,,,,
"V2276",2012-02-29,,,,
"V2277",2012-03-01,,,,
"V2278",2012-03-02,,,,
"V2279",2012-03-05,,,,
"V2280",2012-03-06,,,,
"V2281",2012-03-07,,,,
"V2282",2012-03-08,,,,
"V2283",2012-03-09,,,,
"V2284",2012-03-12,,,,
"V2285",2012-03-13,,,,
"V2286",2012-03-14,,,,
"V2287",2012-03-15,,,,
"V2288",2012-03-16,,,,
"V2289",2012-03-19,,,,
"V2290",2012-03-20,,,,
"V2291",2012-03-21,,,,
"V2292",2012-03-22,,,,
"V2293",2012-03-23,,,,
"V2294",2012-03-26,,,,
"V2295",2012-03-27,,,,
"V2296",2012-03-28,,,,
"V2297",2012-03-29,,,,
"V2298",2012-03-30,,,,
"V2299",2012-04-03,,,,
"V2300",2012-04-04,,,,
"V2301",2012-04-09,,,,
"V2302",2012-04-10,,,,
"V2303",2012-04-11,,,,
"V2304",2012-04-12,,,,
"V2305",2012-04-13,,,,
"V2306",2012-04-16,,,,
"V2307",2012-04-17,,,,
"V2308",2012-04-18,,,,
"V2309",2012-04-19,,,,
"V2310",2012-04-20,,,,
"V2311",2012-04-23,,,,
"V2312",2012-04-24,,,,
"V2313",2012-04-25,,,,
"V2314",2012-04-26,,,,
"V2315",2012-04-27,,,,
"V2316",2012-05-02,,,,
"V2317",2012-05-03,,,,
"V2318",2012-05-04,,,,
"V2319",2012-05-07,,,,
"V2320",2012-05-08,,,,
"V2321",2012-05-09,,,,
"V2322",2012-05-10,,,,
"V2323",2012-05-11,,,,
"V2324",2012-05-14,,,,
"V2325",2012-05-15,,,,
"V2326",2012-05-16,,,,
"V2327",2012-05-17,,,,
"V2328",2012-05-18,,,,
"V2329",2012-05-21,,,,
"V2330",2012-05-22,,,,
"V2331",2012-05-23,,,,
"V2332",2012-05-24,,,,
"V2333",2012-05-28,,,,
"V2334",2012-05-29,,,,
"V2335",2012-05-30,,,,
"V2336",2012-05-31,,,,
"V2337",2012-06-01,,,,
"V2338",2012-06-04,,,,
"V2339",2012-06-05,,,,
"V2340",2012-06-06,,,,
"V2341",2012-06-07,,,,
"V2342",2012-06-08,,,,
"V2343",2012-06-11,,,,
"V2344",2012-06-12,,,,
"V2345",2012-06-13,,,,
"V2346",2012-06-14,,,,
"V2347",2012-06-15,,,,
"V2348",2012-06-18,,,,
"V2349",2012-06-19,,,,
"V2350",2012-06-21,,,,
"V2351",2012-06-22,,,,
"V2352",2012-06-25,,,,
"V2353",2012-06-26,,,,
"V2354",2012-06-27,,,,
"V2355",2012-06-28,,,,
"V2356",2012-06-29,,,,
"V2357",2012-07-02,,,,
"V2358",2012-07-03,,,,
"V2359",2012-07-04,,,,
"V2360",2012-07-05,,,,
"V2361",2012-07-06,,,,
"V2362",2012-07-10,,,,
"V2363",2012-07-11,,,,
"V2364",2012-07-12,,,,
"V2365",2012-07-13,,,,
"V2366",2012-07-16,,,,
"V2367",2012-07-17,,,,
"V2368",2012-07-18,,,,
"V2369",2012-07-19,,,,
"V2370",2012-07-20,,,,
"V2371",2012-07-23,,,,
"V2372",2012-07-24,,,,
"V2373",2012-07-25,,,,
"V2374",2012-07-26,,,,
"V2375",2012-07-27,,,,
"V2376",2012-07-30,,,,
"V2377",2012-07-31,,,,
"V2378",2012-08-01,,,,
"V2379",2012-08-02,,,,
"V2380",2012-08-03,,,,
"V2381",2012-08-06,,,,
"V2382",2012-08-07,,,,
"V2383",2012-08-08,,,,
"V2384",2012-08-09,,,,
"V2385",2012-08-10,,,,
"V2386",2012-08-13,,,,
"V2387",2012-08-14,,,,
"V2388",2012-08-15,,,,
"V2389",2012-08-16,,,,
"V2390",2012-08-17,,,,
"V2391",2012-08-21,,,,
"V2392",2012-08-22,,,,
"V2393",2012-08-23,,,,
"V2394",2012-08-24,,,,
"V2395",2012-08-27,,,,
"V2396",2012-08-28,,,,
"V2397",2012-08-29,,,,
"V2398",2012-08-30,,,,
"V2399",2012-08-31,,,,
"V2400",2012-09-03,,,,
"V2401",2012-09-04,,,,
"V2402",2012-09-05,,,,
"V2403",2012-09-06,,,,
"V2404",2012-09-07,,,,
"V2405",2012-09-10,,,,
"V2406",2012-09-11,,,,
"V2407",2012-09-12,,,,
"V2408",2012-09-13,,,,
"V2409",2012-09-14,,,,
"V2410",2012-09-17,,,,
"V2411",2012-09-18,,,,
"V2412",2012-09-19,,,,
"V2413",2012-09-20,,,,
"V2414",2012-09-21,,,,
"V2415",2012-09-25,,,,
"V2416",2012-09-26,,,,
"V2417",2012-09-27,,,,
"V2418",2012-09-28,,,,
"V2419",2012-10-01,,,,
"V2420",2012-10-02,,,,
"V2421",2012-10-03,,,,
"V2422",2012-10-04,,,,
"V2423",2012-10-05,,,,
"V2424",2012-10-09,,,,
"V2425",2012-10-10,,,,
"V2426",2012-10-11,,,,
"V2427",2012-10-12,,,,
"V2428",2012-10-15,,,,
"V2429",2012-10-16,,,,
"V2430",2012-10-17,,,,
"V2431",2012-10-18,,,,
"V2432",2012-10-19,,,,
"V2433",2012-10-22,,,,
"V2434",2012-10-23,,,,
"V2435",2012-10-24,,,,
"V2436",2012-10-25,,,,
"V2437",2012-10-26,,,,
"V2438",2012-10-29,,,,
"V2439",2012-10-30,,,,
"V2440",2012-10-31,,,,
"V2441",2012-11-01,,,,
"V2442",2012-11-02,,,,
"V2443",2012-11-05,,,,
"V2444",2012-11-07,,,,
"V2445",2012-11-08,,,,
"V2446",2012-11-09,,,,
"V2447",2012-11-12,,,,
"V2448",2012-11-13,,,,
"V2449",2012-11-14,,,,
"V2450",2012-11-15,,,,
"V2451",2012-11-16,,,,
"V2452",2012-11-19,,,,
"V2453",2012-11-20,,,,
"V2454",2012-11-21,,,,
"V2455",2012-11-22,,,,
"V2456",2012-11-23,,,,
"V2457",2012-11-27,,,,
"V2458",2012-11-28,,,,
"V2459",2012-11-29,,,,
"V2460",2012-11-30,,,,
"V2461",2012-12-03,,,,
"V2462",2012-12-04,,,,
"V2463",2012-12-05,,,,
"V2464",2012-12-06,,,,
"V2465",2012-12-07,,,,
"V2466",2012-12-10,,,,
"V2467",2012-12-11,,,,
"V2468",2012-12-12,,,,
"V2469",2012-12-13,,,,
"V2470",2012-12-14,,,,
"V2471",2012-12-17,,,,
"V2472",2012-12-18,,,,
"V2473",2012-12-19,,,,
"V2474",2012-12-20,,,,
"V2475",2012-12-21,,,,
"V2476",2012-12-26,,,,
"V2477",2012-12-27,,,,
"V2478",2012-12-28,,,,
"V2479",2012-12-31,,,,
"V2480",2013-01-02,,,,
"V2481",2013-01-03,,,,
"V2482",2013-01-04,,,,
"V2483",2013-01-07,,,,
"V2484",2013-01-08,,,,
"V2485",2013-01-09,,,,
"V2486",2013-01-10,,,,
"V2487",2013-01-11,,,,
"V2488",2013-01-14,,,,
"V2489",2013-01-15,,,,
"V2490",2013-01-16,,,,
"V2491",2013-01-17,,,,
"V2492",2013-01-18,,,,
"V2493",2013-01-21,,,,
"V2494",2013-01-22,,,,
"V2495",2013-01-23,,,,
"V2496",2013-01-24,,,,
"V2497",2013-01-25,,,,
"V2498",2013-01-28,,,,
"V2499",2013-01-29,,,,
"V2500",2013-01-30,,,,
"V2501",2013-02-01,,,,
"V2502",2013-02-04,,,,
"V2503",2013-02-05,,,,
"V2504",2013-02-06,,,,
"V2505",2013-02-07,,,,
"V2506",2013-02-08,,,,
"V2507",2013-02-13,,,,
"V2508",2013-02-14,,,,
"V2509",2013-02-15,,,,
"V2510",2013-02-18,,,,
"V2511",2013-02-19,,,,
"V2512",2013-02-21,,,,
"V2513",2013-02-22,,,,
"V2514",2013-02-25,,,,
"V2515",2013-02-26,,,,
"V2516",2013-02-27,,,,
"V2517",2013-02-28,,,,
"V2518",2013-03-01,,,,
"V2519",2013-03-04,,,,
"V2520",2013-03-05,,,,
"V2521",2013-03-06,,,,
"V2522",2013-03-07,,,,
"V2523",2013-03-08,,,,
"V2524",2013-03-11,,,,
"V2525",2013-03-12,,,,
"V2526",2013-03-13,,,,
"V2527",2013-03-14,,,,
"V2528",2013-03-15,,,,
"V2529",2013-03-18,,,,
"V2530",2013-03-19,,,,
"V2531",2013-03-20,,,,
"V2532",2013-03-21,,,,
"V2533",2013-03-22,,,,
"V2534",2013-03-25,,,,
"V2535",2013-03-26,,,,
"V2536",2013-03-27,,,,
"V2537",2013-04-03,,,,
"V2538",2013-04-04,,,,
"V2539",2013-04-05,,,,
"V2540",2013-04-08,,,,
"V2541",2013-04-09,,,,
"V2542",2013-04-10,,,,
"V2543",2013-04-11,,,,
"V2544",2013-04-12,,,,
"V2545",2013-04-15,,,,
"V2546",2013-04-16,,,,
"V2547",2013-04-17,,,,
"V2548",2013-04-18,,,,
"V2549",2013-04-19,,,,
"V2550",2013-04-22,,,,
"V2551",2013-04-23,,,,
"V2552",2013-04-24,,,,
"V2553",2013-04-25,,,,
"V2554",2013-04-26,,,,
"V2555",2013-04-29,,,,
"V2556",2013-04-30,,,,
"V2557",2013-05-02,,,,
"V2558",2013-05-03,,,,
"V2559",2013-05-06,,,,
"V2560",2013-05-07,,,,
"V2561",2013-05-08,,,,
"V2562",2013-05-09,,,,
"V2563",2013-05-10,,,,
"V2564",2013-05-13,,,,
"V2565",2013-05-14,,,,
"V2566",2013-05-15,,,,
"V2567",2013-05-16,,,,
"V2568",2013-05-17,,,,
"V2569",2013-05-20,,,,
"V2570",2013-05-21,,,,
"V2571",2013-05-22,,,,
"V2572",2013-05-23,,,,
"V2573",2013-05-24,,,,
"V2574",2013-05-27,,,,
"V2575",2013-05-28,,,,
"V2576",2013-05-29,,,,
"V2577",2013-05-30,,,,
"V2578",2013-05-31,,,,
"V2579",2013-06-03,,,,
"V2580",2013-06-04,,,,
"V2581",2013-06-05,,,,
"V2582",2013-06-06,,,,
"V2583",2013-06-07,,,,
"V2584",2013-06-10,,,,
"V2585",2013-06-11,,,,
"V2586",2013-06-12,,,,
"V2587",2013-06-13,,,,
"V2588",2013-06-14,,,,
"V2589",2013-06-17,,,,
"V2590",2013-06-18,,,,
"V2591",2013-06-19,,,,
"V2592",2013-06-24,,,,
"V2593",2013-06-25,,,,
"V2594",2013-06-26,,,,
"V2595",2013-06-27,,,,
"V2596",2013-06-28,,,,
"V2597",2013-07-01,,,,
"V2598",2013-07-02,,,,
"V2599",2013-07-03,,,,
"V2600",2013-07-04,,,,
"V2601",2013-07-05,,,,
"V2602",2013-07-08,,,,
"V2603",2013-07-10,,,,
"V2604",2013-07-11,,,,
"V2605",2013-07-12,,,,
"V2606",2013-07-15,,,,
"V2607",2013-07-16,,,,
"V2608",2013-07-17,,,,
"V2609",2013-07-18,,,,
"V2610",2013-07-19,,,,
"V2611",2013-07-22,,,,
"V2612",2013-07-23,,,,
"V2613",2013-07-24,,,,
"V2614",2013-07-25,,,,
"V2615",2013-07-26,,,,
"V2616",2013-07-29,,,,
"V2617",2013-07-30,,,,
"V2618",2013-07-31,,,,
"V2619",2013-08-01,,,,
"V2620",2013-08-02,,,,
"V2621",2013-08-05,,,,
"V2622",2013-08-06,,,,
"V2623",2013-08-07,,,,
"V2624",2013-08-08,,,,
"V2625",2013-08-09,,,,
"V2626",2013-08-12,,,,
"V2627",2013-08-13,,,,
"V2628",2013-08-14,,,,
"V2629",2013-08-15,,,,
"V2630",2013-08-16,,,,
"V2631",2013-08-20,,,,
"V2632",2013-08-21,,,,
"V2633",2013-08-22,,,,
"V2634",2013-08-23,,,,
"V2635",2013-08-26,,,,
"V2636",2013-08-27,,,,
"V2637",2013-08-28,,,,
"V2638",2013-08-29,,,,
"V2639",2013-08-30,,,,
"V2640",2013-09-02,,,,
"V2641",2013-09-03,,,,
"V2642",2013-09-04,,,,
"V2643",2013-09-05,,,,
"V2644",2013-09-06,,,,
"V2645",2013-09-09,,,,
"V2646",2013-09-10,,,,
"V2647",2013-09-11,,,,
"V2648",2013-09-12,,,,
"V2649",2013-09-13,,,,
"V2650",2013-09-16,,,,
"V2651",2013-09-17,,,,
"V2652",2013-09-18,,,,
"V2653",2013-09-19,,,,
"V2654",2013-09-20,,,,
"V2655",2013-09-23,,,,
"V2656",2013-09-24,,,,
"V2657",2013-09-25,,,,
"V2658",2013-09-26,,,,
"V2659",2013-09-27,,,,
"V2660",2013-09-30,,,,
"V2661",2013-10-01,,,,
"V2662",2013-10-02,,,,
"V2663",2013-10-03,,,,
"V2664",2013-10-04,,,,
"V2665",2013-10-07,,,,
"V2666",2013-10-08,,,,
"V2667",2013-10-09,,,,
"V2668",2013-10-10,,,,
"V2669",2013-10-11,,,,
"V2670",2013-10-15,,,,
"V2671",2013-10-16,,,,
"V2672",2013-10-17,,,,
"V2673",2013-10-18,,,,
"V2674",2013-10-21,,,,
"V2675",2013-10-22,,,,
"V2676",2013-10-23,,,,
"V2677",2013-10-24,,,,
"V2678",2013-10-25,,,,
"V2679",2013-10-28,,,,
"V2680",2013-10-29,,,,
"V2681",2013-10-30,,,,
"V2682",2013-10-31,,,,
"V2683",2013-11-01,,,,
"V2684",2013-11-04,,,,
"V2685",2013-11-05,,,,
"V2686",2013-11-07,,,,
"V2687",2013-11-08,,,,
"V2688",2013-11-11,,,,
"V2689",2013-11-12,,,,
"V2690",2013-11-13,,,,
"V2691",2013-11-14,,,,
"V2692",2013-11-15,,,,
"V2693",2013-11-18,,,,
"V2694",2013-11-19,,,,
"V2695",2013-11-20,,,,
"V2696",2013-11-21,,,,
"V2697",2013-11-22,,,,
"V2698",2013-11-26,,,,
"V2699",2013-11-27,,,,
"V2700",2013-11-28,,,,
"V2701",2013-11-29,,,,
"V2702",2013-12-02,,,,
"V2703",2013-12-03,,,,
"V2704",2013-12-04,,,,
"V2705",2013-12-05,,,,
"V2706",2013-12-06,,,,
"V2707",2013-12-09,,,,
"V2708",2013-12-10,,,,
"V2709",2013-12-11,,,,
"V2710",2013-12-12,,,,
"V2711",2013-12-13,,,,
"V2712",2013-12-16,,,,
"V2713",2013-12-17,,,,
"V2714",2013-12-18,,,,
"V2715",2013-12-19,,,,
"V2716",2013-12-20,,,,
"V2717",2013-12-23,,,,
"V2718",2013-12-26,,,,
"V2719",2013-12-27,,,,
"V2720",2013-12-30,,,,
"V2721",2014-01-02,,,,
"V2722",2014-01-03,,,,
"V2723",2014-01-06,,,,
"V2724",2014-01-07,,,,
"V2725",2014-01-08,,,,
"V2726",2014-01-09,,,,
"V2727",2014-01-10,,,,
"V2728",2014-01-13,,,,
"V2729",2014-01-14,,,,
"V2730",2014-01-15,,,,
"V2731",2014-01-16,,,,
"V2732",2014-01-17,,,,
"V2733",2014-01-20,,,,
"V2734",2014-01-21,,,,
"V2735",2014-01-22,,,,
"V2736",2014-01-23,,,,
"V2737",2014-01-24,,,,
"V2738",2014-01-27,,,,
"V2739",2014-01-28,2.5005,3,3.5001,4
"V2740",2014-01-29,,,,
"V2741",2014-01-30,,,,
"V2742",2014-01-31,,,,
"V2743",2014-02-03,,,,
"V2744",2014-02-04,2.5005,3,3.5001,4
"V2745",2014-02-05,,,,
"V2746",2014-02-06,,,,
"V2747",2014-02-07,,,,
"V2748",2014-02-10,,,,
"V2749",2014-02-11,2.5005,3,3.5001,4
"V2750",2014-02-12,,,,
"V2751",2014-02-13,,,,
"V2752",2014-02-14,,,,
"V2753",2014-02-17,,,,
"V2754",2014-02-18,2.5005,3,3.5001,4
"V2755",2014-02-19,,,,
"V2756",2014-02-20,,,,
"V2757",2014-02-21,,,,
"V2758",2014-02-24,,,,
"V2759",2014-02-25,2.5003,3,3.5001,4
"V2760",2014-02-26,,,,
"V2761",2014-02-27,,,,
"V2762",2014-02-28,,,,
"V2763",2014-03-05,2.5003,3,3.5001,
"V2764",2014-03-06,,,,
"V2765",2014-03-07,,,,
"V2766",2014-03-10,,,,
"V2767",2014-03-11,2.5003,3,3.5001,4
"V2768",2014-03-12,,,,
"V2769",2014-03-13,,,,
"V2770",2014-03-14,,,,
"V2771",2014-03-17,,,,
"V2772",2014-03-18,2.5003,3,3.5001,4
"V2773",2014-03-19,,,,
"V2774",2014-03-20,,,,
"V2775",2014-03-21,,,,
"V2776",2014-03-25,2.5003,3,3.5001,4
"V2777",2014-03-26,,,,
"V2778",2014-03-27,,,,
"V2779",2014-03-28,,,,
"V2780",2014-03-31,,,,
"V2781",2014-04-01,2.5003,3,3.5001,4
"V2782",2014-04-03,,,,
"V2783",2014-04-04,,,,
"V2784",2014-04-07,,,,
"V2785",2014-04-08,2.5003,3,3.5001,4
"V2786",2014-04-09,,,,
"V2787",2014-04-10,,,,
"V2788",2014-04-11,,,,
"V2789",2014-04-14,,,,
"V2790",2014-04-15,2.5003,3,3.5001,4
"V2791",2014-04-16,,,,
"V2792",2014-04-21,,,,
"V2793",2014-04-22,2.5003,3,3.5001,4
"V2794",2014-04-23,,,,
"V2795",2014-04-24,,,,
"V2796",2014-04-25,,,,
"V2797",2014-04-28,,,,
"V2798",2014-04-29,2.5003,3,3.5001,4
"V2799",2014-04-30,,,,
"V2800",2014-05-05,,,,
"V2801",2014-05-06,2.5003,3,3.5001,4
"V2802",2014-05-07,,,,
"V2803",2014-05-08,,,,
"V2804",2014-05-09,,,,
"V2805",2014-05-12,,,,
"V2806",2014-05-13,2.5003,3,3.5001,4
"V2807",2014-05-14,,,,
"V2808",2014-05-15,,,,
"V2809",2014-05-16,,,,
"V2810",2014-05-19,,,,
"V2811",2014-05-20,2.5003,3,3.5001,4
"V2812",2014-05-21,,,,
"V2813",2014-05-22,,,,
"V2814",2014-05-23,,,,
"V2815",2014-05-26,,,,
"V2816",2014-05-27,2.5003,3,3.5001,4
"V2817",2014-05-28,,,,
"V2818",2014-05-29,,,,
"V2819",2014-05-30,,,,
"V2820",2014-06-02,,,,
"V2821",2014-06-03,2.5003,3,3.5001,4
"V2822",2014-06-04,,,,
"V2823",2014-06-05,,,,
"V2824",2014-06-06,,,,
"V2825",2014-06-09,,,,
"V2826",2014-06-10,2.5003,3,3.5001,4
"V2827",2014-06-11,,,,
"V2828",2014-06-12,,,,
"V2829",2014-06-13,,,,
"V2830",2014-06-16,,,,
"V2831",2014-06-17,2.5003,3,3.5001,4
"V2832",2014-06-18,,,,
"V2833",2014-06-19,,,,
"V2834",2014-06-23,,,,
"V2835",2014-06-24,2.5003,3,3.5001,4
"V2836",2014-06-25,,,,
"V2837",2014-06-26,,,,
"V2838",2014-06-27,,,,
"V2839",2014-06-30,,,,
"V2840",2014-07-01,2.5003,3,3.5001,4
"V2841",2014-07-02,,,,
"V2842",2014-07-03,,,,
"V2843",2014-07-04,,,,
"V2844",2014-07-07,,,,
"V2845",2014-07-08,2.5003,3,3.5001,4
"V2846",2014-07-10,,,,
"V2847",2014-07-11,,,,
"V2848",2014-07-14,,,,
"V2849",2014-07-15,2.5003,3,3.5001,
"V2850",2014-07-16,,,,
"V2851",2014-07-17,,,,
"V2852",2014-07-18,,,,
"V2853",2014-07-21,,,,
"V2854",2014-07-22,2.5003,3,3.5001,4
"V2855",2014-07-23,,,,
"V2856",2014-07-24,,,,
"V2857",2014-07-25,,,,
"V2858",2014-07-28,,,,
"V2859",2014-07-29,2.5003,3,3.5001,4
"V2860",2014-07-30,,,,
"V2861",2014-07-31,,,,
"V2862",2014-08-01,,,,
"V2863",2014-08-04,,,,
"V2864",2014-08-05,2.5003,3,3.5001,4
"V2865",2014-08-06,,,,
"V2866",2014-08-07,,,,
"V2867",2014-08-08,,,,
"V2868",2014-08-11,,,,
"V2869",2014-08-12,2.5003,3,3.5001,4
"V2870",2014-08-13,,,,
"V2871",2014-08-14,,,,
"V2872",2014-08-15,,,,
"V2873",2014-08-19,2.5003,3,3.5001,4
"V2874",2014-08-20,,,,
"V2875",2014-08-21,,,,
"V2876",2014-08-22,,,,
"V2877",2014-08-25,,,,
"V2878",2014-08-26,2.5003,3,3.5001,4
"V2879",2014-08-27,,,,
"V2880",2014-08-28,,,,
"V2881",2014-08-29,,,,
"V2882",2014-09-01,,,,
"V2883",2014-09-02,2.5003,3,3.5001,
"V2884",2014-09-03,,,,
"V2885",2014-09-04,,,,
"V2886",2014-09-05,,,,
"V2887",2014-09-08,,,,
"V2888",2014-09-09,2.5003,3,3.5001,4
"V2889",2014-09-10,,,,
"V2890",2014-09-11,,,,
"V2891",2014-09-12,,,,
"V2892",2014-09-15,,,,
"V2893",2014-09-16,2.5003,3,3.5001,4
"V2894",2014-09-17,,,,
"V2895",2014-09-18,,,,
"V2896",2014-09-19,,,,
"V2897",2014-09-22,,,,
"V2898",2014-09-23,2.5003,3,3.5001,
"V2899",2014-09-24,,,,
"V2900",2014-09-25,,,,
"V2901",2014-09-26,,,,
"V2902",2014-09-29,,,,
"V2903",2014-09-30,2.5003,3,3.5001,4
"V2904",2014-10-01,,,,
"V2905",2014-10-02,,,,
"V2906",2014-10-03,,,,
"V2907",2014-10-06,,,,
"V2908",2014-10-07,2.5003,3,3.5001,4
"V2909",2014-10-08,,,,
"V2910",2014-10-09,,,,
"V2911",2014-10-10,,,,
"V2912",2014-10-14,2.5003,3,3.5001,
"V2913",2014-10-15,,,,
"V2914",2014-10-16,,,,
"V2915",2014-10-17,,,,
"V2916",2014-10-20,,,,
"V2917",2014-10-21,2.5003,3,3.5001,4
"V2918",2014-10-22,,,,
"V2919",2014-10-23,,,,
"V2920",2014-10-24,,,,
"V2921",2014-10-27,,,,
"V2922",2014-10-28,2.5003,3,3.5001,4
"V2923",2014-10-29,,,,
"V2924",2014-10-30,,,,
"V2925",2014-10-31,,,,
"V2926",2014-11-03,,,,
"V2927",2014-11-04,2.5003,3,3.5001,4
"V2928",2014-11-05,,,,
"V2929",2014-11-07,,,,
"V2930",2014-11-10,,,,
"V2931",2014-11-11,2.5003,3,3.5001,4
"V2932",2014-11-12,,,,
"V2933",2014-11-13,,,,
"V2934",2014-11-14,,,,
"V2935",2014-11-17,,,,
"V2936",2014-11-18,2.5003,3,3.5001,4
"V2937",2014-11-19,,,,
"V2938",2014-11-20,,,,
"V2939",2014-11-21,,,,
"V2940",2014-11-25,2.5003,3,3.5001,4
"V2941",2014-11-26,,,,
"V2942",2014-11-27,,,,
"V2943",2014-11-28,,,,
"V2944",2014-12-01,,,,
"V2945",2014-12-02,2.5003,3,3.5001,4
"V2946",2014-12-03,,,,
"V2947",2014-12-04,,,,
"V2948",2014-12-05,,,,
"V2949",2014-12-09,2.5003,3,3.5001,4
"V2950",2014-12-10,,,,
"V2951",2014-12-11,,,,
"V2952",2014-12-12,,,,
"V2953",2014-12-15,,,,
"V2954",2014-12-16,2.5003,3,3.5001,4
"V2955",2014-12-17,,,,
"V2956",2014-12-18,,,,
"V2957",2014-12-19,,,,
"V2958",2014-12-22,,,,
"V2959",2014-12-23,2.5005,3,3.5001,4
"V2960",2014-12-24,,,,
"V2961",2014-12-29,,,,
"V2962",2014-12-30,2.4998,3,3.4999,4
"V2963",2015-01-02,,,,
"V2964",2015-01-05,,,,
"V2965",2015-01-06,2.5005,3,3.5001,4
"V2966",2015-01-07,,,,
"V2967",2015-01-08,,,,
"V2968",2015-01-09,,,,
"V2969",2015-01-12,,,,
"V2970",2015-01-13,2.5005,3,3.5001,4
"V2971",2015-01-14,,,,
"V2972",2015-01-15,,,,
"V2973",2015-01-16,,,,
"V2974",2015-01-19,,,,
"V2975",2015-01-20,2.5005,3,3.5001,4
"V2976",2015-01-21,,,,
"V2977",2015-01-22,,,,
"V2978",2015-01-23,,,,
"V2979",2015-01-26,,,,
"V2980",2015-01-27,2.5005,3,3.5001,4
"V2981",2015-01-28,,,,
"V2982",2015-01-29,,,,
"V2983",2015-01-30,,,,
"V2984",2015-02-02,,,,
"V2985",2015-02-03,2.5005,3,3.5001,4
"V2986",2015-02-04,,,,
"V2987",2015-02-05,,,,
"V2988",2015-02-06,,,,
"V2989",2015-02-09,,,,
"V2990",2015-02-10,2.5005,3,3.5001,4
"V2991",2015-02-11,,,,
"V2992",2015-02-12,,,,
"V2993",2015-02-13,,,,
"V2994",2015-02-18,3.2503,3.9001,4,4.2001
"V2995",2015-02-19,,,,
"V2996",2015-02-20,,,,
"V2997",2015-02-23,,,,
"V2998",2015-02-24,3.2503,3.9001,4,4.2001
"V2999",2015-02-25,,,,
"V3000",2015-02-26,,,,
"V3001",2015-02-27,,,,
"V3002",2015-03-02,,,,
"V3003",2015-03-03,3.2503,3.9001,4,4.2001
"V3004",2015-03-04,,,,
"V3005",2015-03-05,,,,
"V3006",2015-03-06,,,,
"V3007",2015-03-09,,,,
"V3008",2015-03-10,3.2503,3.9001,4,4.2001
"V3009",2015-03-11,,,,
"V3010",2015-03-12,,,,
"V3011",2015-03-13,,,,
"V3012",2015-03-16,,,,
"V3013",2015-03-17,3.2503,3.9001,4,4.2001
"V3014",2015-03-18,,,,
"V3015",2015-03-19,,,,
"V3016",2015-03-20,,,,
"V3017",2015-03-25,3.2503,3.9001,4,4.2001
"V3018",2015-03-26,,,,
"V3019",2015-03-27,,,,
"V3020",2015-03-30,,,,
"V3021",2015-03-31,3.2503,3.9001,4,4.2001
"V3022",2015-04-01,,,,
"V3023",2015-04-06,,,,
"V3024",2015-04-07,3.2503,3.9001,4,4.2001
"V3025",2015-04-08,,,,
"V3026",2015-04-09,,,,
"V3027",2015-04-10,,,,
"V3028",2015-04-13,,,,
"V3029",2015-04-14,3.2503,3.9001,4,4.2001
"V3030",2015-04-15,,,,
"V3031",2015-04-16,,,,
"V3032",2015-04-17,,,,
"V3033",2015-04-20,,,,
"V3034",2015-04-21,3.2503,3.9001,4,4.2001
"V3035",2015-04-22,,,,
"V3036",2015-04-23,,,,
"V3037",2015-04-24,,,,
"V3038",2015-04-27,,,,
"V3039",2015-04-28,3.2503,3.9001,4,4.2001
"V3040",2015-04-29,,,,
"V3041",2015-04-30,,,,
"V3042",2015-05-04,,,,
"V3043",2015-05-05,3.2503,3.9001,4,4.2001
"V3044",2015-05-06,,,,
"V3045",2015-05-07,,,,
"V3046",2015-05-08,,,,
"V3047",2015-05-11,,,,
"V3048",2015-05-12,3.2503,3.9001,4,4.2001
"V3049",2015-05-13,,,,
"V3050",2015-05-14,,,,
"V3051",2015-05-15,,,,
"V3052",2015-05-18,,,,
"V3053",2015-05-19,3.2503,3.9001,4,4.2001
"V3054",2015-05-20,,,,
"V3055",2015-05-21,,,,
"V3056",2015-05-22,,,,
"V3057",2015-05-26,3.2503,3.9001,4,4.2001
"V3058",2015-05-27,,,,
"V3059",2015-05-28,,,,
"V3060",2015-05-29,,,,
"V3061",2015-06-01,,,,
"V3062",2015-06-02,3.2503,3.9001,4,4.2001
"V3063",2015-06-03,,,,
"V3064",2015-06-04,,,,
"V3065",2015-06-05,,,,
"V3066",2015-06-08,,,,
"V3067",2015-06-09,3.2503,3.9001,4,4.2001
"V3068",2015-06-10,,,,
"V3069",2015-06-11,,,,
"V3070",2015-06-12,,,,
"V3071",2015-06-15,,,,
"V3072",2015-06-16,3.2503,3.9001,4,4.2001
"V3073",2015-06-17,,,,
"V3074",2015-06-18,,,,
"V3075",2015-06-19,,,,
"V3076",2015-06-22,,,,
"V3077",2015-06-23,3.2503,3.9001,4,4.2001
"V3078",2015-06-24,,,,
"V3079",2015-06-25,,,,
"V3080",2015-06-26,,,,
"V3081",2015-06-29,,,,
"V3082",2015-06-30,3.2503,3.9001,4,4.2001
"V3083",2015-07-01,,,,
"V3084",2015-07-02,,,,
"V3085",2015-07-03,,,,
"V3086",2015-07-06,,,,
"V3087",2015-07-07,3.2503,3.9001,4,4.2001
"V3088",2015-07-08,,,,
"V3089",2015-07-10,,,,
"V3090",2015-07-13,,,,
"V3091",2015-07-14,3.2503,3.9001,4,4.2001
"V3092",2015-07-15,,,,
"V3093",2015-07-16,,,,
"V3094",2015-07-17,,,,
"V3095",2015-07-20,,,,
"V3096",2015-07-21,3.2503,3.9001,4,4.2001
"V3097",2015-07-22,,,,
"V3098",2015-07-23,,,,
"V3099",2015-07-24,,,,
"V3100",2015-07-27,,,,
"V3101",2015-07-28,3.2503,3.9001,4,4.2001
"V3102",2015-07-29,,,,
"V3103",2015-07-30,,,,
"V3104",2015-07-31,,,,
"V3105",2015-08-03,,,,
"V3106",2015-08-04,3.2503,3.9001,4,4.2001
"V3107",2015-08-05,,,,
"V3108",2015-08-06,,,,
"V3109",2015-08-07,,,,
"V3110",2015-08-10,,,,
"V3111",2015-08-11,3.2503,3.9001,4,4.2001
"V3112",2015-08-12,,,,
"V3113",2015-08-13,,,,
"V3114",2015-08-14,,,,
"V3115",2015-08-18,3.2503,3.9001,4,4.2001
"V3116",2015-08-19,,,,
"V3117",2015-08-20,,,,
"V3118",2015-08-21,,,,
"V3119",2015-08-24,,,,
"V3120",2015-08-25,3.2503,3.9001,4,4.2001
"V3121",2015-08-26,,,,
"V3122",2015-08-27,,,,
"V3123",2015-08-28,,,,
"V3124",2015-08-31,,,,
"V3125",2015-09-01,3.2503,3.9001,4,4.2001
"V3126",2015-09-02,,,,
"V3127",2015-09-03,,,,
"V3128",2015-09-04,,,,
"V3129",2015-09-07,,,,
"V3130",2015-09-08,3.2503,3.9001,4,4.2001
"V3131",2015-09-09,,,,
"V3132",2015-09-10,,,,
"V3133",2015-09-11,,,,
"V3134",2015-09-14,,,,
"V3135",2015-09-15,3.2503,3.9001,4,4.2001
"V3136",2015-09-16,,,,
"V3137",2015-09-17,,,,
"V3138",2015-09-18,,,,
"V3139",2015-09-21,,,,
"V3140",2015-09-22,3.2503,3.9001,4,4.2001
"V3141",2015-09-23,,,,
"V3142",2015-09-24,,,,
"V3143",2015-09-25,,,,
"V3144",2015-09-28,,,,
"V3145",2015-09-29,3.2503,3.9001,4,4.2001
"V3146",2015-09-30,,,,
"V3147",2015-10-01,,,,
"V3148",2015-10-02,,,,
"V3149",2015-10-05,,,,
"V3150",2015-10-06,3.2503,3.9001,4,4.2001
"V3151",2015-10-07,,,,
"V3152",2015-10-08,,,,
"V3153",2015-10-09,,,,
"V3154",2015-10-13,3.2503,3.9001,4,4.2001
"V3155",2015-10-14,,,,
"V3156",2015-10-15,,,,
"V3157",2015-10-16,,,,
"V3158",2015-10-19,,,,
"V3159",2015-10-20,3.2503,3.9001,4,4.2001
"V3160",2015-10-21,,,,
"V3161",2015-10-22,,,,
"V3162",2015-10-23,,,,
"V3163",2015-10-26,,,,
"V3164",2015-10-27,3.2503,3.9001,4,4.2001
"V3165",2015-10-28,,,,
"V3166",2015-10-29,,,,
"V3167",2015-10-30,,,,
"V3168",2015-11-02,,,,
"V3169",2015-11-03,3.2503,3.9001,4,4.2001
"V3170",2015-11-04,,,,
"V3171",2015-11-05,,,,
"V3172",2015-11-09,,,,
"V3173",2015-11-10,3.2503,3.9001,4,4.2001
"V3174",2015-11-11,,,,
"V3175",2015-11-12,,,,
"V3176",2015-11-13,,,,
"V3177",2015-11-16,,,,
"V3178",2015-11-17,3.2503,3.9001,4,4.2001
"V3179",2015-11-18,,,,
"V3180",2015-11-19,,,,
"V3181",2015-11-20,,,,
"V3182",2015-11-23,,,,
"V3183",2015-11-24,3.2503,3.9001,4,4.2001
"V3184",2015-11-25,,,,
"V3185",2015-11-26,,,,
"V3186",2015-11-30,,,,
"V3187",2015-12-01,3.2503,3.9001,4,4.2001
"V3188",2015-12-02,,,,
"V3189",2015-12-03,,,,
"V3190",2015-12-04,,,,
"V3191",2015-12-09,3.2503,3.9001,4,4.2001
"V3192",2015-12-10,,,,
"V3193",2015-12-11,,,,
"V3194",2015-12-14,,,,
"V3195",2015-12-15,3.2503,3.9001,4,4.2001
"V3196",2015-12-16,,,,
"V3197",2015-12-17,,,,
"V3198",2015-12-18,,,,
"V3199",2015-12-21,,,,
"V3200",2015-12-22,3.2503,3.5039,3.5001,
"V3201",2015-12-23,,,,
"V3202",2015-12-24,,,,
"V3203",2015-12-28,,,,
"V3204",2015-12-29,3.0835,3.2502,3.25,3.25
"V3205",2015-12-30,,,,
"V3206",2015-12-31,,,,
"V3207",2016-01-04,,,,
"V3208",2016-01-05,2.9796,3.1251,3.1251,3.125
"V3209",2016-01-06,,,,
"V3210",2016-01-07,,,,
"V3211",2016-01-08,,,,
"V3212",2016-01-11,,,,
"V3213",2016-01-12,2.8003,2.9984,,
"V3214",2016-01-13,,,,
"V3215",2016-01-14,,,,
"V3216",2016-01-15,,,,
"V3217",2016-01-18,,,,
"V3218",2016-01-19,2.5005,2.4999,,
"V3219",2016-01-20,,,,
"V3220",2016-01-21,,,,
"V3221",2016-01-22,,,,
"V3222",2016-01-25,,,,
"V3223",2016-01-26,1.9999,2.2499,,
"V3224",2016-01-27,,,,
"V3225",2016-01-28,,,,
"V3226",2016-01-29,,,,
"V3227",2016-02-01,,,,
"V3228",2016-02-02,1.4997,1.5001,,
"V3229",2016-02-03,,,,
"V3230",2016-02-04,,,,
"V3231",2016-02-05,,,,
"V3232",2016-02-10,1.2498,1,,
"V3233",2016-02-11,,,,
"V3234",2016-02-12,,,,
"V3235",2016-02-15,,,,
"V3236",2016-02-16,1,1,,
"V3237",2016-02-17,,,,
"V3238",2016-02-18,,,,
"V3239",2016-02-19,,,,
"V3240",2016-02-22,,,,
"V3241",2016-02-23,0.8997,0.8999,,
"V3242",2016-02-24,,,,
"V3243",2016-02-25,,,,
"V3244",2016-02-26,,,,
"V3245",2016-02-29,,,,
"V3246",2016-03-01,0.8997,,,
"V3247",2016-03-02,,,,
"V3248",2016-03-03,,,,
"V3249",2016-03-04,,,,
"V3250",2016-03-07,,,,
"V3251",2016-03-08,0.8997,0.8985,,
"V3252",2016-03-09,,,,
"V3253",2016-03-10,,,,
"V3254",2016-03-11,,,,
"V3255",2016-03-14,,,,
"V3256",2016-03-15,0.8997,0.9001,,
"V3257",2016-03-16,,,,
"V3258",2016-03-17,,,,
"V3259",2016-03-18,,,,
"V3260",2016-03-21,,,,
"V3261",2016-03-22,0.8997,0.9001,,
"V3262",2016-03-23,,,,
"V3263",2016-03-28,,,,
"V3264",2016-03-29,0.8997,0.9001,,
"V3265",2016-03-30,,,,
"V3266",2016-03-31,,,,
"V3267",2016-04-01,,,,
"V3268",2016-04-04,,,,
"V3269",2016-04-05,0.8997,0.9001,,
"V3270",2016-04-06,,,,
"V3271",2016-04-07,,,,
"V3272",2016-04-08,,,,
"V3273",2016-04-11,,,,
"V3274",2016-04-12,0.8997,0.9001,,
"V3275",2016-04-13,,,,
"V3276",2016-04-14,,,,
"V3277",2016-04-15,,,,
"V3278",2016-04-18,,,,
"V3279",2016-04-19,0.9001,0.9001,,
"V3280",2016-04-20,,,,
"V3281",2016-04-21,,,,
"V3282",2016-04-22,,,,
"V3283",2016-04-25,,,,
"V3284",2016-04-26,0.8997,0.9001,,
"V3285",2016-04-27,,,,
"V3286",2016-04-28,,,,
"V3287",2016-04-29,,,,
"V3288",2016-05-02,,,,
"V3289",2016-05-03,,,,
"V3290",2016-05-04,,,,
"V3291",2016-05-05,,,,
"V3292",2016-05-06,,,,
"V3293",2016-05-09,,,,
"V3294",2016-05-10,,,,
"V3295",2016-05-11,,,,
"V3296",2016-05-12,,,,
"V3297",2016-05-13,,,,
"V3298",2016-05-16,,,,
"V3299",2016-05-17,,,,
"V3300",2016-05-18,,,,
"V3301",2016-05-19,,,,
"V3302",2016-05-20,,,,
"V3303",2016-05-23,,,,
"V3304",2016-05-24,,,,
"V3305",2016-05-26,,,,
"V3306",2016-05-27,,,,
"V3307",2016-05-30,,,,
"V3308",2016-05-31,,,,
"V3309",2016-06-01,,,,
"V3310",2016-06-02,,,,
"V3311",2016-06-03,,,,
"V3312",2016-06-06,,,,
"V3313",2016-06-07,,,,
"V3314",2016-06-08,,,,
"V3315",2016-06-09,,,,
"V3316",2016-06-10,,,,
"V3317",2016-06-13,,,,
"V3318",2016-06-14,,,,
"V3319",2016-06-15,,,,
"V3320",2016-06-16,,,,
"V3321",2016-06-21,,,,
"V3322",2016-06-22,,,,
"V3323",2016-06-23,,,,
"V3324",2016-06-24,,,,
"V3325",2016-06-27,,,,
"V3326",2016-06-28,,,,
"V3327",2016-06-29,,,,
"V3328",2016-06-30,,,,
"V3329",2016-07-01,,,,
"V3330",2016-07-04,,,,
"V3331",2016-07-05,,,,
"V3332",2016-07-06,,,,
"V3333",2016-07-07,,,,
"V3334",2016-07-11,,,,
"V3335",2016-07-12,,,,
"V3336",2016-07-13,,,,
"V3337",2016-07-14,,,,
"V3338",2016-07-15,,,,
"V3339",2016-07-18,,,,
"V3340",2016-07-19,,,,
"V3341",2016-07-20,,,,
"V3342",2016-07-21,,,,
"V3343",2016-07-22,,,,
"V3344",2016-07-25,,,,
"V3345",2016-07-26,,,,
"V3346",2016-07-27,,,,
"V3347",2016-07-28,,,,
"V3348",2016-07-29,,,,
"V3349",2016-08-01,,,,
"V3350",2016-08-02,,,,
"V3351",2016-08-03,,,,
"V3352",2016-08-04,,,,
"V3353",2016-08-05,,,,
"V3354",2016-08-08,,,,
"V3355",2016-08-09,,,,
"V3356",2016-08-10,,,,
"V3357",2016-08-11,,,,
"V3358",2016-08-12,,,,
"V3359",2016-08-16,,,,
"V3360",2016-08-17,,,,
"V3361",2016-08-18,,,,
"V3362",2016-08-19,,,,
"V3363",2016-08-22,,,,
"V3364",2016-08-23,,,,
"V3365",2016-08-24,,,,
"V3366",2016-08-25,,,,
"V3367",2016-08-26,,,,
"V3368",2016-08-29,,,,
"V3369",2016-08-30,,,,
"V3370",2016-08-31,,,,
"V3371",2016-09-01,,,,
"V3372",2016-09-02,,,,
"V3373",2016-09-05,,,,
"V3374",2016-09-06,,,,
"V3375",2016-09-07,,,,
"V3376",2016-09-08,,,,
"V3377",2016-09-09,,,,
"V3378",2016-09-12,,,,
"V3379",2016-09-13,,,,
"V3380",2016-09-14,,,,
"V3381",2016-09-15,,,,
"V3382",2016-09-16,,,,
"V3383",2016-09-19,,,,
"V3384",2016-09-20,,,,
"V3385",2016-09-21,,,,
"V3386",2016-09-22,,,,
"V3387",2016-09-23,,,,
"V3388",2016-09-26,,,,
"V3389",2016-09-27,,,,
"V3390",2016-09-28,,,,
"V3391",2016-09-29,,,,
"V3392",2016-09-30,,,,
"V3393",2016-10-03,,,,
"V3394",2016-10-04,,,,
"V3395",2016-10-05,,,,
"V3396",2016-10-06,,,,
"V3397",2016-10-07,,,,
"V3398",2016-10-11,,,,
"V3399",2016-10-12,,,,
"V3400",2016-10-13,,,,
"V3401",2016-10-14,,,,
"V3402",2016-10-17,,,,
"V3403",2016-10-18,,,,
"V3404",2016-10-19,,,,
"V3405",2016-10-20,,,,
"V3406",2016-10-21,,,,
"V3407",2016-10-24,,,,
"V3408",2016-10-25,,,,
"V3409",2016-10-26,,,,
"V3410",2016-10-27,,,,
"V3411",2016-10-28,,,,
"V3412",2016-10-31,,,,
"V3413",2016-11-01,,,,
"V3414",2016-11-02,,,,
"V3415",2016-11-03,,,,
"V3416",2016-11-04,,,,
"V3417",2016-11-07,,,,
"V3418",2016-11-08,,,,
"V3419",2016-11-09,,,,
"V3420",2016-11-10,,,,
"V3421",2016-11-11,,,,
"V3422",2016-11-14,,,,
"V3423",2016-11-15,,,,
"V3424",2016-11-16,,,,
"V3425",2016-11-17,,,,
"V3426",2016-11-18,,,,
"V3427",2016-11-21,,,,
"V3428",2016-11-22,,,,
"V3429",2016-11-23,,,,
"V3430",2016-11-24,,,,
"V3431",2016-11-25,,,,
"V3432",2016-11-29,,,,
"V3433",2016-11-30,,,,
"V3434",2016-12-01,,,,
"V3435",2016-12-02,,,,
"V3436",2016-12-05,,,,
"V3437",2016-12-06,,,,
"V3438",2016-12-07,,,,
"V3439",2016-12-12,,,,
"V3440",2016-12-13,,,,
"V3441",2016-12-14,,,,
"V3442",2016-12-15,,,,
"V3443",2016-12-16,,,,
"V3444",2016-12-19,,,,
"V3445",2016-12-20,,,,
"V3446",2016-12-21,,,,
"V3447",2016-12-22,,,,
"V3448",2016-12-23,,,,
"V3449",2016-12-26,,,,
"V3450",2016-12-27,,,,
"V3451",2016-12-28,,,,
"V3452",2016-12-29,,,,
"V3453",2016-12-30,,,,
"V3454",2017-01-02,,,,
"V3455",2017-01-03,,,,
"V3456",2017-01-04,,,,
"V3457",2017-01-05,,,,
"V3458",2017-01-06,,,,
"V3459",2017-01-09,,,,
"V3460",2017-01-10,,,,
"V3461",2017-01-11,,,,
"V3462",2017-01-12,,,,
"V3463",2017-01-13,,,,
"V3464",2017-01-16,,,,
"V3465",2017-01-17,,,,
"V3466",2017-01-18,,,,
"V3467",2017-01-19,,,,
"V3468",2017-01-20,,,,
"V3469",2017-01-23,,,,
"V3470",2017-01-24,,,,
"V3471",2017-01-25,,,,
"V3472",2017-01-26,,,,
"V3473",2017-01-27,,,,
"V3474",2017-01-30,,,,
"V3475",2017-01-31,,,,
"V3476",2017-02-01,,,,
"V3477",2017-02-02,,,,
"V3478",2017-02-03,,,,
"V3479",2017-02-06,,,,
"V3480",2017-02-07,,,,
"V3481",2017-02-08,,,,
"V3482",2017-02-09,,,,
"V3483",2017-02-10,,,,
"V3484",2017-02-13,,,,
"V3485",2017-02-14,,,,
"V3486",2017-02-15,,,,
"V3487",2017-02-16,,,,
"V3488",2017-02-17,,,,
"V3489",2017-02-20,,,,
"V3490",2017-02-21,,,,
"V3491",2017-02-22,,,,
"V3492",2017-02-23,,,,
"V3493",2017-02-24,,,,
"V3494",2017-03-01,,,,
"V3495",2017-03-02,,,,
"V3496",2017-03-03,,,,
"V3497",2017-03-06,,,,
"V3498",2017-03-07,,,,
"V3499",2017-03-08,,,,
"V3500",2017-03-09,,,,
"V3501",2017-03-10,,,,
"V3502",2017-03-13,,,,
